date,title,判定,理由
01-10,かんぴょうの日,除外,食べ物系の販促（企業・業界団体・産地）
01-17,おむすびの日,除外,食べ物系の販促（企業・業界団体・産地）
01-25,中華まんの日,除外,食べ物系の販促（企業・業界団体・産地）
02-03,大豆の日,除外,食べ物系の販促（企業・業界団体・産地）
02-06,海苔の日,除外,食べ物系の販促（企業・業界団体・産地）
02-07,フナの日,除外,食べ物系の販促（企業・業界団体・産地）
02-12,黄ニラ記念日,除外,食べ物系の販促（企業・業界団体・産地）
02-14,煮干しの日,除外,食べ物系の販促（企業・業界団体・産地）
02-15,中華の日,除外,食べ物系の販促（企業・業界団体・産地）
02-22,おでんの日,除外,食べ物系の販促（企業・業界団体・産地）
02-26,シュウマイの日,除外,食べ物系の販促（企業・業界団体・産地）
02-28,ビスケットの日,除外,食べ物系の販促（企業・業界団体・産地）
03-01,デコポンの日,除外,食べ物系の販促（企業・業界団体・産地）
03-04,バウムクーヘンの日,除外,食べ物系の販促（企業・業界団体・産地）
03-09,雑穀の日,除外,食べ物系の販促（企業・業界団体・産地）
03-12,スイーツの日,除外,食べ物系の販促（企業・業界団体・産地）
03-13,サンドイッチデー,除外,食べ物系の販促（企業・業界団体・産地）
04-10,駅弁の日,除外,食べ物系の販促（企業・業界団体・産地）
04-28,缶ジュース発売記念日,除外,食べ物系の販促（企業・業界団体・産地）
05-06,コロッケの日,除外,食べ物系の販促（企業・業界団体・産地）
05-08,ゴーヤーの日,除外,食べ物系の販促（企業・業界団体・産地）
05-09,アイスクリームの日,除外,食べ物系の販促（企業・業界団体・産地）
05-29,こんにゃくの日,除外,食べ物系の販促（企業・業界団体・産地）
06-01,牛乳の日,除外,食べ物系の販促（企業・業界団体・産地）
06-13,いいみょうがの日,除外,食べ物系の販促（企業・業界団体・産地）
06-16,麦とろの日,除外,食べ物系の販促（企業・業界団体・産地）
06-28,パフェの日,除外,食べ物系の販促（企業・業界団体・産地）
07-04,梨の日,除外,食べ物系の販促（企業・業界団体・産地）
07-07,七夕・そうめんの日,書き換え,そうめんの部分（乾麺の団体の販促）を外し「七夕」にする
07-08,中国茶の日,除外,食べ物系の販促（企業・業界団体・産地）
07-10,納豆の日,除外,食べ物系の販促（企業・業界団体・産地）
07-15,マンゴーの日,除外,食べ物系の販促（企業・業界団体・産地）
07-19,やまなし桃の日,除外,食べ物系の販促（企業・業界団体・産地）
07-22,ナッツの日,除外,食べ物系の販促（企業・業界団体・産地）
07-25,かき氷の日,除外,食べ物系の販促（企業・業界団体・産地）
07-27,スイカの日,除外,食べ物系の販促（企業・業界団体・産地）
07-28,菜っ葉の日,除外,食べ物系の販促（企業・業界団体・産地）
07-29,福神漬の日,除外,食べ物系の販促（企業・業界団体・産地）
07-30,梅干の日,除外,食べ物系の販促（企業・業界団体・産地）
08-02,ハーブの日,除外,香草を扱う事業者の制定
08-03,ハチミツの日,除外,食べ物系の販促（企業・業界団体・産地）
08-09,薬草の日,除外,保健食品の団体の制定
08-15,刺身の日,残す,制定者が不明。室町時代の記録に由来（10/3 本人判断で残す）
08-18,ビーフンの日,除外,食べ物系の販促（企業・業界団体・産地）
08-27,ジェラートの日,除外,食べ物系の販促（企業・業界団体・産地）
08-31,野菜の日,除外,食べ物系の販促（企業・業界団体・産地）
09-01,キウイの日,除外,食べ物系の販促（企業・業界団体・産地）
09-15,ひじきの日,除外,食べ物系の販促（企業・業界団体・産地）
09-18,かいわれ大根の日,除外,食べ物系の販促（企業・業界団体・産地）
09-30,くるみの日,除外,食べ物系の販促（企業・業界団体・産地）
10-02,豆腐の日,除外,食べ物系の販促（企業・業界団体・産地）
10-10,缶詰の日,残す,業界団体の制定だが、国内初の缶詰という史実に由来（10/3 本人判断で残す）
10-12,豆乳の日,除外,食べ物系の販促（企業・業界団体・産地）
10-13,サツマイモの日,除外,食べ物系の販促（企業・業界団体・産地）
10-15,きのこの日,除外,食べ物系の販促（企業・業界団体・産地）
10-17,沖縄そばの日,残す,製麺組合の制定だが、名称表示が認められた史実に由来（10/3 本人判断で残す）
10-18,冷凍食品の日,除外,食べ物系の販促（企業・業界団体・産地）
10-19,イカの塩辛の日,除外,食べ物系の販促（企業・業界団体・産地）
10-25,世界パスタデー,除外,食べ物系の販促（企業・業界団体・産地）
10-26,柿の日,除外,食べ物系の販促（企業・業界団体・産地）
10-30,たまごかけごはんの日,除外,食べ物系の販促（企業・業界団体・産地）
11-05,いいりんごの日,除外,食べ物系の販促（企業・業界団体・産地）
11-07,鍋の日,除外,食べ物系の販促（企業・業界団体・産地）
11-11,麺の日,除外,食べ物系の販促（企業・業界団体・産地）
11-22,回転寿司記念日,除外,食べ物系の販促（企業・業界団体・産地）
11-29,いい肉の日,除外,食べ物系の販促（企業・業界団体・産地）
11-30,本みりんの日,除外,食べ物系の販促（企業・業界団体・産地）
12-20,ブリの日,除外,食べ物系の販促（企業・業界団体・産地）
