date,title,kind,category,G1,G2,G3,G4,A,B,C,D,F,E,total,verdict,status,founder_type,founder,primary_url,source_type,summary_issue,note
"01-01","元日","年中行事","季節","1","1","1","1","0","2","1","1","0","0","4","残す","confirmed","政府","国（祝日法）","https://www8.cao.go.jp/chosei/shukujitsu/gaiyou.html","law","","業務との接点が薄い"
"01-02","初夢の日","年中行事","季節","1","1","1","1","1","2","1","1","0","0","5","残す","date_only","年中行事（制定者なし）","年中行事（初夢の慣習）","https://web-japan.org/kidsweb/ja/explore/calendar/january/hatsuyume.html","gov","","休憩時の会話向き"
"01-03","ひとみの日","記念日","仕事","0","1","1","1","2","0","1","0","0","0","3","要検討","not_found","不明","不明","","none","","健康・環境・技術の話題；一次情報を確認できず"
"01-04","仕事始め","年中行事","季節","1","1","0","1","1","2","1","1","0","0","5","要検討","date_only","自治体","長野県（県庁の仕事始め）","https://www.pref.nagano.lg.jp/koho/kensei/koho/chijikaiken/2018/20181214.html","local_gov","","休憩時の会話向き；年により日付が変動"
"01-05","囲碁の日","記念日","ユニーク","1","1","1","1","1","1","1","0","0","0","3","要検討","confirmed","公益・非営利団体","日本棋院・関西棋院・日本ペア碁協会","https://www.nihonkiin.or.jp/news/etc/15.html","founder","","休憩時の会話向き"
"01-06","色の日","記念日","ユニーク","1","1","1","1","1","1","1","0","0","-1","2","要検討","confirmed","業界団体","一般社団法人ビジネスカラー検定協会","https://www.kinenbi.gr.jp/mypage/1107","kinenbi","登録名称は「カラーの日」。入力の「色の日」は通称的な表記。","休憩時の会話向き"
"01-07","人日の節句","年中行事","季節","1","1","1","1","0","2","1","1","0","0","4","残す","confirmed","年中行事（制定者なし）","年中行事（人日の節句）","https://www.maff.go.jp/j/pr/aff/1712/characterinformation.html","gov","","業務との接点が薄い"
"01-08","イヤホンの日","記念日","仕事","1","1","1","1","2","1","2","0","0","-1","4","残す","confirmed","業界団体","イヤホンナビ","https://www.earphones.jp/earphones-day.php","founder","","健康・環境・技術の話題"
"01-09","とんちの日","記念日","ユニーク","0","1","1","1","1","0","1","0","0","0","2","要検討","not_found","不明","不明","","none","","休憩時の会話向き；一次情報を確認できず"
"01-11","鏡開き","年中行事","季節","1","1","1","1","0","2","1","1","0","0","4","残す","confirmed","年中行事（制定者なし）","年中行事（鏡開き）","https://www.maff.go.jp/j/keikaku/syokubunka/culture/wagohan/articles/2301/spe13_01.html","gov","","業務との接点が薄い"
"01-12","スキーの日","記念日","ユニーク","1","1","1","1","1","2","1","0","0","0","4","残す","date_only","不明","不明","https://www.city.joetsu.niigata.jp/site/museum/japanese-ski-origination.html","local_gov","","休憩時の会話向き"
"01-13","初虚空蔵","年中行事","季節","1","0","1","1","1","1","1","1","0","0","4","要検討","date_only","年中行事（制定者なし）","年中行事（寺院の初虚空蔵）","https://www.taraku.or.jp/news/info/1410/","founder","","休憩時の会話向き；宗教題材に配慮"
"01-14","飾納・松納","年中行事","季節","1","1","1","1","0","1","1","1","0","0","3","要検討","date_only","年中行事（制定者なし）","年中行事（福島稲荷神社の松納）","https://www.fukushima-inari.com/nothing/186.html","founder","","業務との接点が薄い；地域・神社で日付が異なる例"
"01-15","小正月","年中行事","季節","1","1","1","1","0","2","1","1","0","0","4","残す","confirmed","年中行事（制定者なし）","年中行事（小正月）","https://www.maff.go.jp/j/pr/aff/1712/characterinformation.html","gov","","業務との接点が薄い"
"01-16","藪入り","年中行事","季節","0","1","1","1","1","0","1","1","0","0","3","要検討","not_found","年中行事（制定者なし）","不明","","none","","休憩時の会話向き；一次情報を確認できず"
"01-18","都バスの日","記念日","仕事","1","1","1","1","2","2","1","0","1","0","6","残す","confirmed","不明","制定主体未確認","https://www.kotsu.metro.tokyo.jp/about/ayumi/bus.html","local_gov","都の交通局が記念日を制定したとの説明は一次資料で確認できず。","健康・環境・技術の話題"
"01-19","のど自慢の日","記念日","ユニーク","0","1","1","1","1","0","1","0","0","0","2","要検討","not_found","不明","不明","","none","","休憩時の会話向き；一次情報を確認できず"
"01-20","シマエナガの日","記念日","ユニーク","1","1","1","1","1","1","1","0","0","0","3","要検討","date_only","不明","写真家・やなぎさわごう（個人）","https://shimaenaga.jp/archives/2937","founder","大寒は年によって1月20日または21日。毎年1月20日が大寒とは限らない。","休憩時の会話向き；記念日は1月20日固定、大寒の日付は変動"
"01-21","スイートピーの日","記念日","ユニーク","1","1","1","1","1","2","1","0","0","-1","3","要検討","date_only","業界団体","日本スイートピーの会","https://www.pref.miyazaki.lg.jp/documents/68253/68253_20220324095803-1.pdf","local_gov","制定団体と日付は確認。花弁数など細かな語呂の由来は一次資料で確認できず。","休憩時の会話向き"
"01-22","カレーの日","記念日","ユニーク","1","1","1","1","1","1","2","0","0","-1","3","要検討","confirmed","業界団体","全日本カレー工業協同組合","https://www.curry.or.jp/currysday/","founder","","休憩時の会話向き；学校給食由来としてG4通過、業界PRはE控除"
"01-23","電子メールの日","記念日","仕事","0","1","1","1","2","0","1","0","0","0","3","要検討","not_found","不明","不明","","none","","健康・環境・技術の話題；一次情報を確認できず"
"01-24","学校給食週間","記念日","仕事","1","1","1","1","2","2","1","0","1","0","6","残す","confirmed","政府","文部省（現・文部科学省）","https://www.mext.go.jp/a_menu/sports/syokuiku/1299359.htm","gov","","健康・環境・技術の話題"
"01-26","有料駐車場の日","記念日","ユニーク","0","1","1","1","1","0","1","0","1","0","3","要検討","not_found","不明","不明","","none","","休憩時の会話向き；一次情報を確認できず"
"01-27","求婚の日","記念日","ユニーク","0","1","1","1","1","0","1","0","0","0","2","要検討","not_found","不明","不明","","pr","","休憩時の会話向き；一次情報を確認できず"
"01-28","セレンディピティの日","記念日","仕事","0","1","1","1","2","0","1","0","0","0","3","要検討","not_found","不明","不明","","none","","健康・環境・技術の話題；一次情報を確認できず"
"01-29","昭和基地開設記念日","記念日","仕事","1","1","1","1","2","2","1","0","0","0","5","残す","confirmed","年中行事（制定者なし）","年中行事（昭和基地開設の記念）","https://nipr-blog.nipr.ac.jp/science-museum/cat-4/129-5d1d.html","gov","","健康・環境・技術の話題"
"01-30","3分間電話の日","記念日","仕事","1","1","1","1","2","2","2","0","0","0","6","要検討","conflict","政府","日本電信電話公社（公衆電話制度）","https://www.ntt-east.co.jp/databook/history-telecom.html","gov","3分打ち切り制は1969年10月1日、時間制料金（3分単位）は1972年11月12日。1970年1月30日ではない。","健康・環境・技術の話題；入力と一次情報に不一致"
"01-31","晦日正月","年中行事","季節","0","1","1","1","0","0","1","1","0","0","2","要検討","not_found","年中行事（制定者なし）","不明","","none","","業務との接点が薄い；一次情報を確認できず"
"02-01","テレビ放送記念日","記念日","仕事","1","1","1","1","2","2","1","0","1","0","6","残す","confirmed","政府","日本放送協会（東京でのテレビ放送開始）","https://www.archives.go.jp/ayumi/kobetsu/s28_1953_01.html","gov","","健康・環境・技術の話題"
"02-02","世界湿地の日","国際デー","仕事","1","1","1","1","2","2","1","0","0","0","5","残す","confirmed","国際機関","湿地条約事務局・国連総会","https://www.worldwetlandsday.org/about","intl","","健康・環境・技術の話題"
"02-04","立春","季節の行事","季節","1","1","0","1","0","2","1","1","0","0","4","要検討","date_only","年中行事（制定者なし）","年中行事（二十四節気・立春）","https://eco.mtk.nao.ac.jp/koyomi/yoko/2026/rekiyou262.html","gov","","業務との接点が薄い；年により日付が変動"
"02-05","笑顔の日","記念日","ユニーク","0","1","1","1","1","0","1","0","0","0","2","要検討","not_found","不明","不明","","none","","休憩時の会話向き；一次情報を確認できず"
"02-08","にわとりの日","記念日","ユニーク","1","1","1","0","1","1","1","0","0","-3","0","要検討","confirmed","単一企業","トリゼンフーズ株式会社","https://www.3030.co.jp/trivia/no81/","founder","","休憩時の会話向き；食品販促に該当"
"02-09","服の日","記念日","ユニーク","1","1","1","1","1","1","1","0","0","-1","2","要検討","date_only","業界団体","日本ファッション教育振興協会","https://www.fashion-edu.jp/about/","founder","制定年1988年を一次情報で確認できず。","休憩時の会話向き"
"02-10","ニットの日","記念日","ユニーク","0","1","1","1","1","0","1","0","0","0","2","要検討","not_found","不明","不明","","media","","休憩時の会話向き；一次情報を確認できず"
"02-11","科学における女性と女児の国際デー","国際デー","仕事","1","1","1","1","2","2","1","0","0","0","5","残す","confirmed","国際機関","国連総会・UNESCO","https://www.unesco.org/en/days/women-girls-science?hub=66582","intl","","健康・環境・技術の話題"
"02-13","世界ラジオの日","国際デー","仕事","1","1","1","1","2","2","1","0","0","0","5","残す","confirmed","国際機関","UNESCO・国連総会","https://www.unesco.org/en/days/world-radio?hub=66765","intl","","健康・環境・技術の話題"
"02-16","天気図記念日","記念日","仕事","1","1","1","1","3","2","2","0","1","0","8","残す","confirmed","政府","気象庁（初の天気図作成）","https://www.mlit.go.jp/page/kanbo01_hy_010716.html","gov","","安全・設備・計量の実務に関係"
"02-17","天使のささやきの日","記念日","ユニーク","1","1","1","1","1","2","1","0","0","0","4","残す","date_only","自治体","幌加内町（最低気温記録にちなむ）","https://www.town.horokanai.hokkaido.jp/shiru/town_no1","local_gov","","休憩時の会話向き"
"02-18","冥王星の日","記念日","仕事","1","1","1","1","2","2","2","0","0","0","6","残す","date_only","不明","不明","https://www.kahaku.go.jp/exhibitions/vm/resource/tenmon/space/pluto/pluto01.html","gov","","健康・環境・技術の話題"
"02-19","天地の日","記念日","仕事","0","1","1","1","2","0","1","0","0","0","3","要検討","not_found","不明","不明","","media","","健康・環境・技術の話題；一次情報を確認できず"
"02-20","旅券の日","記念日","ユニーク","1","1","1","1","1","2","1","0","0","0","4","残す","confirmed","政府","外務省（旅券制度の記録）","https://www.mofa.go.jp/mofaj/toko/passport/0220/","gov","","休憩時の会話向き"
"02-21","国際母語デー","国際デー","ユニーク","0","1","1","1","1","0","1","0","0","0","2","要検討","not_found","不明","不明","","intl","","休憩時の会話向き；一次情報を確認できず"
"02-23","ふろしきの日","記念日","ユニーク","1","1","1","1","1","1","1","0","0","-1","2","要検討","confirmed","業界団体","京都ふろしき会","https://www.fashion-kyoto.or.jp/kyo-furoshiki/","founder","","休憩時の会話向き"
"02-24","クロスカントリーの日","記念日","ユニーク","0","1","1","1","1","0","1","0","0","0","2","要検討","not_found","不明","不明","","none","","休憩時の会話向き；一次情報を確認できず"
"02-25","箱根用水完成の日","記念日","仕事","0","1","1","1","4","0","1","0","0","0","5","要検討","not_found","不明","不明","","none","","水道・水循環の実務に直結；一次情報を確認できず"
"02-27","女性雑誌の日","記念日","ユニーク","0","1","1","1","1","0","1","0","0","0","2","要検討","not_found","不明","不明","","media","","休憩時の会話向き；一次情報を確認できず"
"02-29","うるう日（閏日）","暦のしくみ","仕事","1","1","1","1","2","2","2","0","0","0","6","残す","date_only","年中行事（制定者なし）","暦の仕組み（閏日）","https://eco.mtk.nao.ac.jp/koyomi/topics/html/topics1990.html","gov","","健康・環境・技術の話題"
"03-02","出会いの日","記念日","ユニーク","0","1","1","1","1","0","0","0","0","0","1","要検討","not_found","不明","不明","","none","","休憩時の会話向き；一次情報を確認できず"
"03-03","桃の節句","年中行事","季節","1","1","1","1","0","2","1","1","0","0","4","残す","confirmed","年中行事（制定者なし）","年中行事（桃の節句）","https://www.maff.go.jp/j/keikaku/syokubunka/culture/wagohan/articles/2302/spe14_03.html","gov","","業務との接点が薄い"
"03-05","サンゴの日","記念日","仕事","1","1","1","1","2","1","2","0","0","0","5","残す","confirmed","公益・非営利団体","WWFジャパン","https://www.wwf.or.jp/activities/eventreport/1797.html","founder","","WWFジャパン公式記事が制定主体と由来を明記"
"03-06","世界一周記念日","記念日","ユニーク","1","1","1","1","1","1","1","0","1","-3","1","要検討","confirmed","単一企業","日本航空","https://www.jal.com/ja-jp/about/jal_history/index_1961s.html","founder","","休憩時の会話向き"
"03-07","サウナの日","記念日","仕事","1","1","1","1","2","1","1","0","0","-1","3","要検討","date_only","業界団体","日本サウナ・スパ協会","https://www.sauna.or.jp/pdf_files/2025_SaunaDay.pdf","founder","","健康・環境・技術の話題"
"03-08","ミモザの日","記念日","ユニーク","1","1","1","1","1","2","1","0","0","0","4","残す","date_only","年中行事（制定者なし）","年中行事（国際女性デーとミモザの慣習）","https://www.gender.go.jp/international/int_un_kaigi/int_iwd/","gov","3月8日の国際女性デーは確認。ミモザを贈る慣習の由来は同資料で確認できず。","休憩時の会話向き"
"03-10","サボテンの日","記念日","ユニーク","0","1","1","1","1","0","1","0","0","0","2","要検討","not_found","不明","不明","","none","","休憩時の会話向き；一次情報を確認できず"
"03-11","パンダが知られた日","記念日","ユニーク","0","1","1","1","1","0","1","0","0","0","2","要検討","not_found","不明","不明","","none","","休憩時の会話向き；一次情報を確認できず"
"03-14","数学の日","記念日","仕事","0","1","1","1","2","0","2","0","0","0","4","要検討","not_found","不明","不明","","none","","健康・環境・技術の話題；一次情報を確認できず"
"03-15","靴の記念日","記念日","ユニーク","0","1","1","1","1","0","1","0","1","0","3","要検討","not_found","不明","不明","","none","","休憩時の会話向き；一次情報を確認できず"
"03-16","国立公園指定記念日","記念日","ユニーク","0","1","1","1","1","0","1","0","0","0","2","要検討","not_found","不明","不明","","none","","休憩時の会話向き；一次情報を確認できず"
"03-17","漫画週刊誌の日","記念日","ユニーク","0","1","1","1","1","0","1","0","0","0","2","要検討","not_found","不明","不明","","none","","休憩時の会話向き；一次情報を確認できず"
"03-18","明治村開村記念日","記念日","ユニーク","0","1","1","1","1","0","1","0","0","0","2","要検討","not_found","不明","不明","","none","","休憩時の会話向き；一次情報を確認できず"
"03-19","ミュージックの日","記念日","ユニーク","1","1","1","1","1","1","1","0","0","-1","2","要検討","date_only","業界団体","日本音楽家ユニオン","https://www.muj.or.jp/activity/12781","founder","制定年1991年と「ミュージック」の語呂の由来を一次資料で確認できず。","休憩時の会話向き"
"03-20","世界すずめの日","記念日","ユニーク","1","1","1","1","1","1","1","0","0","0","3","要検討","confirmed","公益・非営利団体","Nature Forever Society","https://www.natureforever.org/wildlife-conservation/world-sparrow-day/","founder","","休憩時の会話向き"
"03-21","世界詩歌記念日","国際デー","ユニーク","1","1","1","1","1","2","1","0","0","0","4","残す","confirmed","国際機関","UNESCO","https://www.unesco.org/en/days/poetry","intl","","休憩時の会話向き"
"03-22","世界水の日","国際デー","仕事","1","1","1","1","4","2","1","0","0","0","7","残す","confirmed","国際機関","国連総会・UNESCO","https://www.unesco.org/en/days/world-water","intl","","水道・水循環の実務に直結"
"03-23","世界気象デー","国際デー","仕事","1","1","1","1","2","2","1","0","0","0","5","残す","confirmed","国際機関","世界気象機関（WMO）","https://wmo.int/events-and-meetings/world-met-day","intl","","健康・環境・技術の話題"
"03-24","人力車発祥の日","記念日","ユニーク","0","1","1","1","1","0","2","0","1","0","4","要検討","not_found","不明","不明","","media","","休憩時の会話向き；一次情報を確認できず"
"03-25","電気記念日","記念日","仕事","1","1","1","1","3","1","2","0","1","-1","6","残す","confirmed","業界団体","日本電気協会","https://www.denki.or.jp/about-event-origin/","founder","","安全・設備・計量の実務に関係"
"03-26","カチューシャの唄の日","記念日","ユニーク","1","1","1","1","1","2","1","0","1","0","5","残す","confirmed","年中行事（制定者なし）","年中行事（東京帝国劇場での初演日）","https://www.pref.kyoto.jp/rekisaikan/documents/9_2_3t2-15.pdf","local_gov","","休憩時の会話向き"
"03-27","さくらの日","記念日","ユニーク","0","1","1","1","1","0","1","0","0","0","2","要検討","not_found","不明","不明","","none","","休憩時の会話向き；一次情報を確認できず"
"03-28","シルクロードの日","記念日","ユニーク","0","1","1","1","1","0","1","0","0","0","2","要検討","not_found","不明","不明","","none","","休憩時の会話向き；一次情報を確認できず"
"03-29","マリモの日","記念日","仕事","1","1","1","1","2","2","1","0","0","0","5","残す","confirmed","政府","文化庁（特別天然記念物指定）","https://kunishitei.bunka.go.jp/bsys/maindetails/401/2","gov","","健康・環境・技術の話題"
"03-30","国立競技場落成記念日","記念日","仕事","1","1","1","1","2","1","2","0","1","0","6","残す","date_only","年中行事（制定者なし）","年中行事（国立競技場の竣工・開場）","https://vm.jaaf.or.jp/history/?id=1380","founder","","健康・環境・技術の話題"
"03-31","オーケストラの日","記念日","ユニーク","1","1","1","1","1","1","1","0","0","0","3","要検討","confirmed","公益・非営利団体","日本オーケストラ連盟","https://www.orchestra.or.jp/orchestra-news/2023/","founder","","休憩時の会話向き"
"04-01","衣替え","季節の行事","季節","0","1","1","1","0","0","1","1","0","0","2","要検討","not_found","不明","不明","","none","","業務との接点が薄い；一次情報を確認できず"
"04-02","国際子どもの本の日","国際デー","ユニーク","1","1","1","1","1","1","1","0","0","0","3","要検討","confirmed","公益・非営利団体","国際児童図書評議会（IBBY）","https://jbby.org/international-day-of-childrens-books","founder","","休憩時の会話向き"
"04-03","日本橋開通記念日","記念日","ユニーク","0","1","1","1","1","0","1","0","1","0","3","要検討","not_found","不明","不明","","none","","休憩時の会話向き；一次情報を確認できず"
"04-04","ピアノ調律の日","記念日","ユニーク","0","1","1","1","1","0","1","0","0","0","2","要検討","not_found","不明","不明","","media","","休憩時の会話向き；一次情報を確認できず"
"04-05","デビューの日","記念日","ユニーク","0","1","1","1","1","0","1","0","1","0","3","要検討","not_found","不明","不明","","none","","休憩時の会話向き；一次情報を確認できず"
"04-06","城の日","記念日","ユニーク","0","1","1","1","1","0","1","0","0","0","2","要検討","not_found","不明","不明","","none","","休憩時の会話向き；一次情報を確認できず"
"04-07","世界保健デー","国際デー","仕事","1","1","1","1","2","2","1","0","0","0","5","残す","confirmed","国際機関","世界保健機関（WHO）","https://www.who.int/campaigns/world-health-day","intl","","健康・環境・技術の話題"
"04-08","出発の日","記念日","ユニーク","0","1","1","1","1","0","0","0","0","0","1","要検討","not_found","不明","不明","","none","","休憩時の会話向き；一次情報を確認できず"
"04-09","フォークソングの日","記念日","ユニーク","0","1","1","1","1","0","1","0","0","0","2","要検討","not_found","不明","不明","","media","","休憩時の会話向き；一次情報を確認できず"
"04-11","メートル法公布記念日","記念日","仕事","0","1","1","1","3","0","2","0","0","0","5","要検討","not_found","不明","不明","","media","","安全・設備・計量の実務に関係；一次情報を確認できず"
"04-12","世界宇宙飛行の日","記念日","仕事","0","1","1","1","2","0","1","0","0","0","3","要検討","not_found","不明","不明","","none","","健康・環境・技術の話題；一次情報を確認できず"
"04-13","喫茶店の日","記念日","ユニーク","0","1","1","1","1","0","0","0","0","0","1","要検討","not_found","不明","不明","","none","","休憩時の会話向き；一次情報を確認できず"
"04-14","椅子の日","記念日","仕事","0","1","1","1","2","0","0","0","0","0","2","要検討","not_found","不明","不明","","none","","健康・環境・技術の話題；一次情報を確認できず"
"04-15","世界芸術の日","国際デー","ユニーク","1","1","1","1","1","2","1","0","0","0","4","残す","confirmed","国際機関","UNESCO","https://www.unesco.org/en/days/world-art?hub=66582","intl","","休憩時の会話向き"
"04-16","チャップリンデー","記念日","ユニーク","0","1","1","1","1","0","1","0","0","0","2","要検討","not_found","不明","不明","","none","","休憩時の会話向き；一次情報を確認できず"
"04-17","恐竜の日","記念日","仕事","0","1","1","1","2","0","1","0","0","0","3","要検討","not_found","不明","不明","","media","","健康・環境・技術の話題；一次情報を確認できず"
"04-18","発明の日","記念日","仕事","0","1","1","1","2","0","1","0","0","0","3","要検討","not_found","不明","不明","","none","","健康・環境・技術の話題；一次情報を確認できず"
"04-19","地図の日","記念日","仕事","1","1","0","1","3","2","2","0","1","0","8","要検討","date_only","不明","伊能忠敬（測量出発）","https://www.gsi.go.jp/common/000236440.pdf","gov","一次資料では寛政12年閏4月19日＝西暦1800年6月11日。旧暦の日付と現在の4月19日を区別する説明が必要。","安全・設備・計量の実務に関係；旧暦と西暦の対応に要照合"
"04-20","郵政記念日","記念日","ユニーク","1","1","1","1","1","1","1","0","0","0","3","要検討","confirmed","政府","明治政府（郵便制度開始）","https://www.japanpost.jp/group/about/milestone/150th/stamp/","founder","","休憩時の会話向き"
"04-21","民放の日","記念日","仕事","1","1","1","1","2","1","1","0","0","-1","3","要検討","confirmed","業界団体","日本民間放送連盟","https://asahi.co.jp/info/minpo/","founder","","健康・環境・技術の話題"
"04-22","国際母なる地球デー","国際デー","ユニーク","0","1","1","1","1","0","1","0","0","0","2","要検討","not_found","不明","不明","","intl","","休憩時の会話向き；一次情報を確認できず"
"04-23","国際マヌルネコの日","記念日","ユニーク","0","1","1","1","1","0","1","0","0","0","2","要検討","not_found","不明","不明","","media","","休憩時の会話向き；一次情報を確認できず"
"04-24","植物学の日","記念日","仕事","0","1","1","1","2","0","1","0","0","0","3","要検討","not_found","不明","不明","","none","","健康・環境・技術の話題；一次情報を確認できず"
"04-25","世界ペンギンの日","記念日","ユニーク","1","1","1","1","1","2","1","0","0","0","4","要検討","conflict","年中行事（制定者なし）","年中行事（世界ペンギンの日）","https://www.umweltbundesamt.de/en/press/pressinformation/25-april-is-world-penguin-day","gov","一次資料の説明は、繁殖地に戻るため海上から戻るアデリーペンギン。入力文の「繁殖を終え海へ向かう」と移動方向が逆。","休憩時の会話向き；入力と一次情報に不一致"
"04-26","よい風呂の日","記念日","仕事","0","1","1","1","2","0","1","0","0","0","3","要検討","not_found","不明","不明","","none","","健康・環境・技術の話題；一次情報を確認できず"
"04-27","婦人警官の日","記念日","ユニーク","0","1","1","1","1","0","2","0","1","0","4","要検討","not_found","不明","不明","","founder","","休憩時の会話向き；一次情報を確認できず"
"04-29","国際ダンスデー","国際デー","ユニーク","1","1","1","1","1","2","1","0","0","0","4","残す","confirmed","公益・非営利団体","国際演劇協会（ITI）ダンス委員会","https://www.iti-germany.de/en/iti-worldwide/world-dance-day/","intl","","休憩時の会話向き"
"04-30","図書館記念日","記念日","ユニーク","1","1","1","1","1","2","1","0","0","0","4","残す","confirmed","不明","制定主体未確認","https://hourei.ndl.go.jp/simple/detail?current=4&lawId=0000042474","law","","休憩時の会話向き"
"05-01","すずらんの日","記念日","ユニーク","0","1","1","1","1","0","1","0","0","0","2","要検討","not_found","不明","不明","","media","","休憩時の会話向き；一次情報を確認できず"
"05-02","えんぴつ記念日","記念日","ユニーク","0","1","1","1","1","0","2","0","0","0","3","要検討","not_found","不明","不明","","media","","休憩時の会話向き；一次情報を確認できず"
"05-03","博多どんたく","年中行事","季節","1","1","1","1","1","2","1","1","0","0","5","残す","confirmed","年中行事（制定者なし）","年中行事（博多どんたく）","https://www.city.fukuoka.lg.jp/shicho/koho/shisei/shisei/r07000501.html","local_gov","","休憩時の会話向き"
"05-04","植物園の日","記念日","ユニーク","1","1","1","1","1","1","1","0","0","0","3","要検討","confirmed","公益・非営利団体","公益社団法人日本植物園協会","https://www.omu.ac.jp/bg/info/event/entry-108184.html","founder","","休憩時の会話向き"
"05-05","こどもの日","年中行事","季節","1","1","1","1","0","2","1","1","0","0","4","残す","confirmed","政府","国（祝日法）","https://www8.cao.go.jp/chosei/shukujitsu/gaiyou.html","law","","業務との接点が薄い"
"05-07","博士の日","記念日","仕事","0","1","1","1","2","0","1","0","1","0","4","要検討","not_found","不明","不明","","none","","健康・環境・技術の話題；一次情報を確認できず"
"05-10","愛鳥週間","記念日","ユニーク","0","1","1","1","1","0","1","0","0","0","2","要検討","not_found","不明","不明","","none","","休憩時の会話向き；一次情報を確認できず"
"05-11","ご当地キャラの日","記念日","ユニーク","1","1","1","1","1","1","2","0","0","0","4","残す","confirmed","公益・非営利団体","日本ご当地キャラクター協会","https://gotouchi-chara.jp/5789/","founder","","休憩時の会話向き"
"05-12","看護の日","記念日","仕事","1","1","1","1","2","1","1","0","0","0","4","残す","confirmed","政府","旧厚生省","https://www.nurse.or.jp/aim/simin/about/index.html","founder","","健康・環境・技術の話題"
"05-13","愛犬の日","記念日","ユニーク","0","1","1","1","1","0","1","0","0","0","2","要検討","not_found","不明","不明","","pr","","休憩時の会話向き；一次情報を確認できず"
"05-14","けん玉の日","記念日","ユニーク","1","1","1","1","1","1","2","0","0","0","4","残す","confirmed","公益・非営利団体","一般社団法人グローバルけん玉ネットワーク","https://www.gloken.net/jp/blog/201702061701/","founder","","休憩時の会話向き"
"05-15","国際家族デー","国際デー","ユニーク","0","1","1","1","1","0","1","0","0","0","2","要検討","not_found","不明","不明","","intl","","休憩時の会話向き；一次情報を確認できず"
"05-16","光の国際デー","国際デー","仕事","1","1","1","1","2","2","1","0","0","0","5","残す","confirmed","国際機関","UNESCO","https://www.unesco.org/en/days/light?hub=66491","intl","","健康・環境・技術の話題"
"05-17","世界情報社会・電気通信日","国際デー","仕事","1","1","1","1","2","2","2","0","0","0","6","残す","confirmed","国際機関","国際電気通信連合（ITU）・国連総会","https://www.itu.int/en/history/pages/WTISDEventsCollection.aspx","intl","","健康・環境・技術の話題"
"05-18","国際博物館の日","国際デー","ユニーク","1","1","1","1","1","2","1","0","0","0","4","残す","confirmed","公益・非営利団体","国際博物館会議（ICOM）","https://www.unesco.org/en/articles/celebrating-museums-around-world","intl","","休憩時の会話向き"
"05-19","セメントの日","記念日","仕事","0","1","1","1","2","0","1","0","0","0","3","要検討","not_found","不明","不明","","none","","健康・環境・技術の話題；一次情報を確認できず"
"05-20","世界ミツバチの日","国際デー","仕事","1","1","1","1","2","2","2","0","0","0","6","残す","confirmed","国際機関","スロベニア政府・国連総会","https://www.fao.org/world-bee-day/en","intl","","健康・環境・技術の話題"
"05-21","世界文化多様性デー","国際デー","ユニーク","1","1","1","1","1","2","1","0","0","0","4","残す","confirmed","国際機関","国連総会","https://www.unesco.org/en/days/cultural-diversity-dialogue-development?hub=66582","intl","","休憩時の会話向き"
"05-22","国際生物多様性の日","国際デー","仕事","1","1","1","1","2","2","1","0","0","0","5","残す","confirmed","国際機関","国連総会","https://www.unesco.org/en/days/biological-diversity","intl","","健康・環境・技術の話題"
"05-23","世界カメの日","記念日","仕事","1","1","1","1","2","1","1","0","0","0","4","残す","confirmed","公益・非営利団体","American Tortoise Rescue","https://worldturtleday.org/about/","founder","","健康・環境・技術の話題"
"05-24","ゴルフ場記念日","記念日","ユニーク","0","1","1","1","1","0","1","0","0","0","2","要検討","not_found","不明","不明","","pr","","休憩時の会話向き；一次情報を確認できず"
"05-25","タップダンスの日","記念日","ユニーク","0","1","1","1","1","0","1","0","0","0","2","要検討","not_found","不明","不明","","none","","休憩時の会話向き；一次情報を確認できず"
"05-26","東名高速道路全通記念日","記念日","仕事","1","1","1","1","2","2","1","0","0","0","5","残す","confirmed","政府","日本道路公団（東名高速道路全通）","https://www.mlit.go.jp/page/kanbo01_hy_010885.html","gov","","健康・環境・技術の話題"
"05-27","百人一首の日","記念日","ユニーク","0","1","1","1","1","0","1","0","0","0","2","要検討","not_found","不明","不明","","none","","休憩時の会話向き；一次情報を確認できず"
"05-28","世界月経デー","国際デー","仕事","0","1","1","1","2","0","1","0","0","0","3","要検討","not_found","不明","不明","","media","","健康・環境・技術の話題；一次情報を確認できず"
"05-30","ごみゼロの日","記念日","仕事","1","1","1","1","2","2","2","0","0","0","6","残す","confirmed","市民運動","豊橋市の530運動（夏目久男氏の呼びかけ）","https://www.env.go.jp/guide/info/ecojin_backnumber/issues/19-04/19-04d/knowledge.html","gov","","健康・環境・技術の話題"
"05-31","もいわ山の日","記念日","ユニーク","0","1","1","1","1","0","1","0","0","0","2","要検討","not_found","不明","不明","","media","","休憩時の会話向き；一次情報を確認できず"
"06-02","路地の日","記念日","ユニーク","0","1","1","1","1","0","1","0","0","0","2","要検討","not_found","不明","不明","","none","","休憩時の会話向き；一次情報を確認できず"
"06-03","世界自転車デー","国際デー","仕事","0","1","1","1","2","0","1","0","0","0","3","要検討","not_found","不明","不明","","intl","","健康・環境・技術の話題；一次情報を確認できず"
"06-04","虫の日","記念日","ユニーク","0","1","1","1","1","0","1","0","0","0","2","要検討","not_found","不明","不明","","media","","休憩時の会話向き；一次情報を確認できず"
"06-05","世界環境デー","国際デー","仕事","1","1","1","1","2","2","1","0","0","0","5","残す","confirmed","国際機関","国連総会","https://www.unesco.org/en/days/environment?hub=180536","intl","","健康・環境・技術の話題"
"06-06","おけいこの日","年中行事","季節","0","1","1","1","1","0","2","1","0","0","4","要検討","not_found","不明","不明","","media","","休憩時の会話向き；一次情報を確認できず"
"06-07","母親大会記念日","記念日","ユニーク","0","1","1","1","1","0","1","0","1","0","3","要検討","not_found","不明","不明","","none","","休憩時の会話向き；一次情報を確認できず"
"06-08","世界海洋デー","国際デー","仕事","1","1","1","1","2","2","1","0","0","0","5","残す","confirmed","国際機関","国連総会・UNESCO","https://www.unesco.org/en/days/oceans?hub=66813","intl","","健康・環境・技術の話題"
"06-09","ロックの日","記念日","ユニーク","0","1","1","1","1","0","2","0","0","0","3","要検討","not_found","不明","不明","","kinenbi","","休憩時の会話向き；一次情報を確認できず"
"06-10","時の記念日","記念日","仕事","1","1","1","1","3","2","1","0","0","0","6","要検討","conflict","公益・非営利団体","生活改善同盟会","https://eco.mtk.nao.ac.jp/koyomi/wiki/BBFEB9EF2FBBFEA4CEB5ADC7B0C6FC.html","gov","1920年に日付を定めたのは生活改善同盟会。天文台が制定したという説明は誤り。","安全・設備・計量の実務に関係；入力と一次情報に不一致"
"06-11","学校図書館の日","記念日","ユニーク","1","1","1","1","1","1","1","0","0","0","3","要検討","confirmed","公益・非営利団体","全国学校図書館協議会","https://www.j-sla.or.jp/material/611.html","founder","","休憩時の会話向き"
"06-12","エスペラントの日","記念日","ユニーク","1","1","1","1","1","1","2","0","0","0","4","残す","confirmed","公益・非営利団体","一般財団法人日本エスペラント協会","https://www.jei.or.jp/20180612_esperanto-no-hi/","founder","","休憩時の会話向き"
"06-14","世界献血者デー","国際デー","仕事","1","1","1","1","2","2","1","0","0","0","5","残す","confirmed","国際機関","世界保健機関・世界保健総会","https://www.who.int/westernpacific/newsroom/events/world-blood-donor-day","intl","","健康・環境・技術の話題"
"06-15","暑中見舞いの日","記念日","ユニーク","0","1","1","1","1","0","1","0","0","0","2","要検討","not_found","不明","不明","","media","","休憩時の会話向き；一次情報を確認できず"
"06-17","砂漠化と干ばつを考える日","国際デー","仕事","0","1","1","1","3","0","1","0","0","0","4","要検討","not_found","不明","不明","","intl","","安全・設備・計量の実務に関係；一次情報を確認できず"
"06-18","考古学出発の日","記念日","ユニーク","0","1","1","1","1","0","1","0","0","0","2","要検討","not_found","不明","不明","","media","","休憩時の会話向き；一次情報を確認できず"
"06-19","朗読の日","記念日","ユニーク","0","1","1","1","1","0","1","0","0","0","2","要検討","not_found","不明","不明","","media","","休憩時の会話向き；一次情報を確認できず"
"06-20","ペパーミントの日","記念日","ユニーク","0","1","1","1","1","0","1","0","0","0","2","要検討","not_found","不明","不明","","none","","休憩時の会話向き；一次情報を確認できず"
"06-21","夏至","季節の行事","季節","1","1","0","1","0","2","1","1","0","0","4","要検討","date_only","年中行事（制定者なし）","年中行事（二十四節気・夏至）","https://eco.mtk.nao.ac.jp/koyomi/yoko/2026/rekiyou262.html","gov","","業務との接点が薄い；年により日付が変動"
"06-22","ボウリングの日","記念日","ユニーク","0","1","1","1","1","0","1","0","0","0","2","要検討","not_found","不明","不明","","none","","休憩時の会話向き；一次情報を確認できず"
"06-23","オリンピックデー","記念日","ユニーク","0","1","1","1","1","0","1","0","0","0","2","要検討","not_found","不明","不明","","none","","休憩時の会話向き；一次情報を確認できず"
"06-24","ドレミの日","記念日","ユニーク","0","1","1","1","1","0","1","0","0","0","2","要検討","not_found","不明","不明","","none","","休憩時の会話向き；一次情報を確認できず"
"06-25","住宅デー","記念日","仕事","0","1","1","1","2","0","2","0","0","0","4","要検討","not_found","不明","不明","","media","","健康・環境・技術の話題；一次情報を確認できず"
"06-26","オリエンテーリングの日","記念日","仕事","0","1","1","1","2","0","2","0","0","0","4","要検討","not_found","不明","不明","","media","","健康・環境・技術の話題；一次情報を確認できず"
"06-27","演説の日","記念日","ユニーク","0","1","1","1","1","0","2","0","0","0","3","要検討","not_found","不明","不明","","media","","休憩時の会話向き；一次情報を確認できず"
"06-29","星の王子さまの日","記念日","ユニーク","0","1","1","1","1","0","1","0","0","0","2","要検討","not_found","不明","不明","","none","","休憩時の会話向き；一次情報を確認できず"
"06-30","トランジスタの日","記念日","仕事","0","1","1","1","2","0","2","0","0","0","4","要検討","not_found","不明","不明","","pr","","健康・環境・技術の話題；一次情報を確認できず"
"07-01","童謡の日","記念日","ユニーク","0","1","1","1","1","0","1","0","0","0","2","要検討","not_found","不明","不明","","media","","休憩時の会話向き；一次情報を確認できず"
"07-02","谷川岳の日","記念日","ユニーク","0","1","1","1","1","0","2","0","0","0","3","要検討","not_found","不明","不明","","media","","休憩時の会話向き；一次情報を確認できず"
"07-03","通天閣の日","記念日","ユニーク","0","1","1","1","1","0","2","0","0","0","3","要検討","not_found","不明","不明","","media","","休憩時の会話向き；一次情報を確認できず"
"07-05","江戸切子の日","記念日","ユニーク","1","1","1","1","1","1","1","0","1","-1","3","要検討","date_only","業界団体","東京都江戸切子協同組合","https://www.edokiriko.or.jp/info/2018/07/05/6185/","founder","","休憩時の会話向き"
"07-06","サラダ記念日","記念日","ユニーク","0","1","1","1","1","0","2","0","0","0","3","要検討","not_found","不明","不明","","kinenbi","","休憩時の会話向き；一次情報を確認できず"
"07-07","七夕・そうめんの日","年中行事","季節","0","1","1","0","0","0","1","1","0","-1","1","要検討","not_found","不明","不明","","media","","業務との接点が薄い；一次情報を確認できず；食品販促に該当；そうめん業界の販促日"
"07-09","ジェットコースターの日","記念日","ユニーク","0","1","1","1","1","0","2","0","1","0","4","要検討","not_found","不明","不明","","media","","休憩時の会話向き；一次情報を確認できず"
"07-11","真珠記念日","記念日","仕事","0","1","1","1","2","0","1","0","0","0","3","要検討","not_found","不明","不明","","none","","健康・環境・技術の話題；一次情報を確認できず"
"07-12","洋食器の日","記念日","ユニーク","1","1","1","1","1","1","2","0","0","-1","3","要検討","confirmed","業界団体","日本金属洋食器工業組合","https://www.youshokki.com/%E3%82%AB%E3%83%88%E3%83%A9%E3%83%AA%E3%83%BC%E6%A4%9C%E5%AE%9A/%E6%B4%8B%E9%A3%9F%E5%99%A8%E3%81%AE%E6%97%A5/","founder","","工業組合制定；業界PR日としてE控除"
"07-13","日本標準時制定記念日","記念日","仕事","1","1","1","1","3","2","2","0","0","0","7","残す","date_only","政府","日本政府（1886年の標準時法令）","https://www.archives.go.jp/naj_news/10/anohi.html","gov","","1886年7月13日の標準時法令を国立公文書館で確認"
"07-14","ひまわりの日","記念日","仕事","0","1","1","1","2","0","1","0","0","0","3","要検討","not_found","不明","不明","","media","","健康・環境・技術の話題；一次情報を確認できず"
"07-16","虹の日","記念日","ユニーク","0","1","1","1","1","0","2","0","0","0","3","要検討","not_found","不明","不明","","media","","休憩時の会話向き；一次情報を確認できず"
"07-17","空調発明の日","記念日","仕事","1","1","1","1","2","1","2","0","0","-3","2","要検討","confirmed","単一企業","日本キヤリア株式会社","https://www.toshiba-carrier.co.jp/acinventionday/index_j.htm","founder","","健康・環境・技術の話題；単一企業制定のためE控除"
"07-18","ネルソン・マンデラ・デー","国際デー","ユニーク","1","1","1","1","1","2","1","0","0","0","4","残す","confirmed","国際機関","国連総会","https://www.unesco.org/en/days/nelson-mandela","intl","","休憩時の会話向き"
"07-20","月面着陸の日","記念日","仕事","1","1","1","1","2","2","1","0","0","0","5","残す","confirmed","政府","NASA（アポロ11号の月面着陸）","https://www.nasa.gov/mission/apollo-11/","gov","","健康・環境・技術の話題"
"07-21","自然公園の日","記念日","ユニーク","0","1","1","1","1","0","1","0","0","0","2","要検討","not_found","不明","不明","","pr","","休憩時の会話向き；一次情報を確認できず"
"07-23","文月ふみの日","記念日","ユニーク","1","1","1","1","1","2","1","0","0","0","4","残す","confirmed","政府","郵政省","https://www.japanpost.jp/group/about/milestone/150th/stamp/","gov","","休憩時の会話向き"
"07-24","国際セルフケアデー","記念日","仕事","0","1","1","1","2","0","1","0","0","0","3","要検討","not_found","不明","不明","","none","","健康・環境・技術の話題；一次情報を確認できず"
"07-26","日光の日","記念日","ユニーク","0","1","1","1","1","0","1","0","0","0","2","要検討","not_found","不明","不明","","media","","休憩時の会話向き；一次情報を確認できず"
"07-31","パラグライダー記念日","記念日","ユニーク","0","1","1","1","1","0","2","0","0","0","3","要検討","not_found","不明","不明","","pr","","休憩時の会話向き；一次情報を確認できず"
"08-01","水の日","記念日","仕事","1","1","1","1","4","2","1","0","0","0","7","残す","confirmed","政府","政府（閣議決定）","https://www.mlit.go.jp/mizukokudo/mizsei/tochimizushigen_mizsei_tk1_000012.html","gov","","水道・水循環の実務に直結"
"08-04","橋の日","記念日","仕事","0","1","1","1","2","0","2","0","0","0","4","要検討","not_found","不明","不明","","media","","健康・環境・技術の話題；一次情報を確認できず"
"08-05","タクシーの日","記念日","ユニーク","0","1","1","1","1","0","2","0","1","0","4","要検討","not_found","不明","不明","","media","","休憩時の会話向き；一次情報を確認できず"
"08-06","太陽熱発電の日","記念日","仕事","0","1","1","1","2","0","1","0","0","0","3","要検討","not_found","不明","不明","","none","","健康・環境・技術の話題；一次情報を確認できず"
"08-07","花文化の日","記念日","ユニーク","0","1","1","1","1","0","1","0","0","0","2","要検討","not_found","不明","不明","","none","","休憩時の会話向き；一次情報を確認できず"
"08-08","親孝行の日","記念日","ユニーク","0","1","1","1","1","0","2","0","0","0","3","要検討","not_found","不明","不明","","media","","休憩時の会話向き；一次情報を確認できず"
"08-10","帽子の日","記念日","ユニーク","0","1","1","1","1","0","0","0","0","0","1","要検討","not_found","不明","不明","","media","","休憩時の会話向き；一次情報を確認できず"
"08-11","山の日","季節の行事","仕事","1","1","1","1","2","2","1","1","0","0","6","残す","confirmed","政府","国（祝日法）","https://www8.cao.go.jp/chosei/shukujitsu/gaiyou.html","law","","健康・環境・技術の話題"
"08-12","国際青少年デー","国際デー","ユニーク","1","1","1","1","1","2","1","0","0","0","4","残す","confirmed","国際機関","国連総会・UNESCO","https://www.unesco.org/en/days/youth","intl","","休憩時の会話向き"
"08-13","函館夜景の日","記念日","ユニーク","0","1","1","1","1","0","1","0","0","0","2","要検討","not_found","不明","不明","","none","","休憩時の会話向き；一次情報を確認できず"
"08-14","水泳の日","記念日","ユニーク","0","1","1","1","1","0","1","0","0","0","2","要検討","not_found","不明","不明","","media","","休憩時の会話向き；一次情報を確認できず"
"08-15","刺身の日","記念日","ユニーク","0","1","1","1","0","0","1","0","0","0","1","要検討","not_found","不明","不明","","pr","","業務との接点が薄い；一次情報を確認できず"
"08-16","16連射の日","記念日","ユニーク","1","1","1","1","1","1","2","0","0","0","4","残す","confirmed","個人","高橋利幸（高橋名人）","https://ameblo.jp/meijin16shot/entry-12932251941.html","founder","","本人公式ブログで登録と由来を確認；ゲーム史の雑談向き"
"08-17","プロ野球ナイター記念日","記念日","ユニーク","0","1","1","1","1","0","1","0","0","0","2","要検討","not_found","不明","不明","","none","","休憩時の会話向き；一次情報を確認できず"
"08-19","俳句の日","記念日","ユニーク","0","1","1","1","1","0","2","0","0","0","3","要検討","not_found","不明","不明","","kinenbi","","休憩時の会話向き；一次情報を確認できず"
"08-20","交通信号設置記念日","記念日","仕事","1","1","1","1","3","2","2","0","1","0","8","残す","date_only","不明","不明","https://www.police.pref.osaka.lg.jp/ochikakunokeisatsusho/keisatsushobetsujoho/42/tubuyaki/backnumber/21883.html","local_gov","","大阪府警公式が1931年8月20日の初設置を確認"
"08-21","噴水の日","記念日","仕事","0","1","1","1","2","0","1","0","0","0","3","要検討","not_found","不明","不明","","none","","健康・環境・技術の話題；一次情報を確認できず"
"08-22","チンチン電車の日","記念日","ユニーク","0","1","1","1","1","0","2","0","0","0","3","要検討","not_found","不明","不明","","pr","","休憩時の会話向き；一次情報を確認できず"
"08-23","処暑","季節の行事","季節","0","1","0","1","0","0","1","1","0","0","2","要検討","not_found","不明","不明","","media","","業務との接点が薄い；年により日付が変動；一次情報を確認できず"
"08-24","ハモニカ横丁の日","記念日","ユニーク","0","1","1","1","1","0","2","0","1","0","4","要検討","not_found","不明","不明","","media","","休憩時の会話向き；一次情報を確認できず"
"08-25","川柳発祥の日","記念日","ユニーク","0","1","1","1","1","0","1","0","0","0","2","要検討","not_found","不明","不明","","none","","休憩時の会話向き；一次情報を確認できず"
"08-26","ユースホステルの日","記念日","ユニーク","0","1","1","1","1","0","1","0","0","0","2","要検討","not_found","不明","不明","","none","","休憩時の会話向き；一次情報を確認できず"
"08-28","バイオリンの日","記念日","ユニーク","0","1","1","1","1","0","2","0","0","0","3","要検討","not_found","不明","不明","","media","","休憩時の会話向き；一次情報を確認できず"
"08-29","ケーブルカーの日","記念日","ユニーク","0","1","1","1","1","0","1","0","0","0","2","要検討","not_found","不明","不明","","none","","休憩時の会話向き；一次情報を確認できず"
"08-30","冒険家の日","記念日","ユニーク","0","1","1","1","1","0","1","0","0","0","2","要検討","not_found","不明","不明","","none","","休憩時の会話向き；一次情報を確認できず"
"09-02","くつの日","記念日","ユニーク","0","1","1","1","1","0","2","0","0","0","3","要検討","not_found","不明","不明","","pr","","休憩時の会話向き；一次情報を確認できず"
"09-03","ベッドの日","記念日","仕事","1","1","1","1","2","1","1","0","0","-1","3","要検討","date_only","業界団体","全日本ベッド工業会","https://www.zennihon-bed.jp/news/bed-day/","founder","「ぐっすり」の語呂は業界団体の公式ページでは確認できず。","健康・環境・技術の話題"
"09-04","クラシック音楽の日","記念日","ユニーク","0","1","1","1","1","0","2","0","0","0","3","要検討","not_found","不明","不明","","media","","休憩時の会話向き；一次情報を確認できず"
"09-05","国民栄誉賞の日","記念日","ユニーク","0","1","1","1","1","0","1","0","1","0","3","要検討","not_found","不明","不明","","none","","休憩時の会話向き；一次情報を確認できず"
"09-06","黒の日","記念日","ユニーク","0","1","1","1","1","0","0","0","0","0","1","要検討","not_found","不明","不明","","none","","休憩時の会話向き；一次情報を確認できず"
"09-07","CMソングの日","記念日","ユニーク","0","1","1","1","1","0","0","0","0","0","1","要検討","not_found","不明","不明","","none","","休憩時の会話向き；一次情報を確認できず"
"09-08","国際識字デー","国際デー","ユニーク","1","1","1","1","1","2","1","0","0","0","4","残す","confirmed","国際機関","UNESCO","https://www.unesco.org/en/days/literacy","intl","","休憩時の会話向き"
"09-09","重陽の節句","年中行事","季節","1","1","1","1","0","2","1","1","0","0","4","残す","confirmed","年中行事（制定者なし）","年中行事（重陽の節句）","https://www.maff.go.jp/j/pr/aff/1712/characterinformation.html","gov","","業務との接点が薄い"
"09-10","下水道の日","記念日","仕事","1","1","1","1","4","2","2","0","0","0","8","残す","confirmed","政府","国土交通省・旧建設省","https://www.mlit.go.jp/mizukokudo/sewerage/mizukokudo_sewerage_tk_000689.html","gov","","水道・水循環の実務に直結"
"09-11","公衆電話の日","記念日","仕事","0","1","1","1","3","0","2","0","1","0","6","要検討","not_found","不明","不明","","media","","安全・設備・計量の実務に関係；一次情報を確認できず"
"09-12","宇宙の日","記念日","仕事","1","1","1","1","2","2","2","0","0","0","6","残す","confirmed","政府","宇宙開発事業団（公募選定）","https://www.jaxa.jp/press/nasda/2003/img/cmpspic_20030417_01.pdf","gov","","健康・環境・技術の話題"
"09-13","世界の法の日","記念日","ユニーク","1","1","1","1","0","1","1","0","0","0","2","要検討","conflict","公益・非営利団体","World Peace Through Law Center（現・World Jurist Association）","https://worldjurist.org/wp-content/uploads/2020/07/CONGRESO-GENEVA-1967.pdf","founder","9月13日は1965年の世界法平和会議の開幕日。大会宣言の採択日（9月18日）と混同している。","業務との接点が薄い；入力と一次情報に不一致"
"09-14","コスモスの日","記念日","ユニーク","0","1","1","1","1","0","2","0","0","0","3","要検討","not_found","不明","不明","","media","","休憩時の会話向き；一次情報を確認できず"
"09-16","オゾン層保護のための国際デー","国際デー","仕事","0","1","1","1","2","0","1","0","0","0","3","要検討","not_found","不明","不明","","intl","","健康・環境・技術の話題；一次情報を確認できず"
"09-17","モノレールの日","記念日","ユニーク","1","1","1","1","1","1","1","0","1","-3","1","要検討","confirmed","単一企業","東京モノレール株式会社","https://www.tokyo-monorail.co.jp/news/campaign/60th_anniversary/","founder","","休憩時の会話向き"
"09-19","九十九島の日","記念日","ユニーク","0","1","1","1","1","0","2","0","0","0","3","要検討","not_found","不明","不明","","kinenbi","","休憩時の会話向き；一次情報を確認できず"
"09-20","お手玉の日","記念日","ユニーク","0","1","1","1","1","0","1","0","0","0","2","要検討","not_found","不明","不明","","none","","休憩時の会話向き；一次情報を確認できず"
"09-21","ファッションショーの日","記念日","ユニーク","0","1","1","1","1","0","1","0","0","0","2","要検討","not_found","不明","不明","","media","","休憩時の会話向き；一次情報を確認できず"
"09-22","フィットネスの日","記念日","仕事","0","1","1","1","2","0","1","0","0","0","3","要検討","not_found","不明","不明","","media","","健康・環境・技術の話題；一次情報を確認できず"
"09-23","テニスの日","記念日","ユニーク","1","1","1","1","1","1","1","0","0","0","3","要検討","confirmed","公益・非営利団体","日本テニス協会などテニス関連団体","https://jta-tennis.or.jp/about_jta/history/tennis_museum/historical_stories/photographs/story9.html","founder","","休憩時の会話向き"
"09-24","畳の日","記念日","ユニーク","1","1","1","1","1","1","2","0","0","-1","3","要検討","confirmed","業界団体","全国畳産業振興会","https://www.tatami.in/about/","founder","","制定団体公式ページで確認；業界PRとしてE控除"
"09-25","骨董の日","記念日","ユニーク","0","1","1","1","1","0","1","0","0","0","2","要検討","not_found","不明","不明","","none","","休憩時の会話向き；一次情報を確認できず"
"09-26","ヨーロッパ言語の日","記念日","ユニーク","1","1","1","1","1","2","1","0","0","0","4","残す","confirmed","国際機関","欧州評議会（欧州連合と共同）","https://www.coe.int/en/web/language-policy/european-day-of-languages","intl","","休憩時の会話向き"
"09-27","世界観光の日","国際デー","ユニーク","1","1","1","1","1","2","1","0","0","0","4","残す","confirmed","国際機関","世界観光機関（現UN Tourism）総会","https://unwto-ap.org/topics/%EF%BC%99%E6%9C%88%EF%BC%92%EF%BC%97%E6%97%A5%E3%81%AF%EF%BD%97%EF%BD%8F%EF%BD%92%EF%BD%8C%EF%BD%84-%EF%BD%94%EF%BD%8F%EF%BD%95%EF%BD%92%EF%BD%89%EF%BD%93%EF%BD%8D-%EF%BD%84%EF%BD%81%EF%BD%99/","intl","","UN Tourism公式地域事務所が制定年と日付を明記"
"09-28","パソコン記念日","記念日","仕事","0","1","1","1","2","0","1","0","0","0","3","要検討","not_found","不明","不明","","none","","健康・環境・技術の話題；一次情報を確認できず"
"09-29","招き猫の日","記念日","ユニーク","0","1","1","1","1","0","2","0","0","0","3","要検討","not_found","不明","不明","","kinenbi","","休憩時の会話向き；一次情報を確認できず"
"10-01","国際高齢者デー","国際デー","ユニーク","0","1","1","1","1","0","1","0","0","0","2","要検討","not_found","不明","不明","","intl","","休憩時の会話向き；一次情報を確認できず"
"10-03","登山の日","記念日","ユニーク","1","1","1","1","1","1","2","0","0","0","4","残す","confirmed","公益・非営利団体","公益社団法人日本山岳ガイド協会（旧・日本アルパインガイド協会）","https://yamanohi.net/aboutus_foundation_history.php","founder","","制定協会沿革が1991年の設定を記載；休憩時の会話向き"
"10-04","都市景観の日","記念日","ユニーク","0","1","1","1","1","0","1","0","0","0","2","要検討","not_found","不明","不明","","none","","休憩時の会話向き；一次情報を確認できず"
"10-05","レジ袋ゼロデー","記念日","ユニーク","0","1","1","1","1","0","1","0","0","0","2","要検討","not_found","不明","不明","","none","","休憩時の会話向き；一次情報を確認できず"
"10-06","役所改革の日","記念日","仕事","1","1","1","1","3","2","1","0","0","0","6","残す","confirmed","自治体","松戸市（松本清市長の発案）","https://www.city.matsudo.chiba.jp/kurashi/suguyaru/suguyaru_tanjou.html","local_gov","","安全・設備・計量の実務に関係"
"10-07","カセットこんろとボンベの日","記念日","仕事","1","1","1","1","2","1","2","0","0","-1","4","残す","confirmed","業界団体","一般社団法人日本ガス石油機器工業会","https://www.jgka.or.jp/gasusekiyu_riyou/anzen/gasu_cassette/kinenbi/index.html","founder","","工業会が制定；製品業界PRとしてE控除"
"10-08","足袋の日","記念日","ユニーク","0","1","1","1","1","0","0","0","0","0","1","要検討","not_found","不明","不明","","none","","休憩時の会話向き；一次情報を確認できず"
"10-09","道具の日","記念日","仕事","0","1","1","1","2","0","1","0","1","0","4","要検討","not_found","不明","不明","","none","","健康・環境・技術の話題；一次情報を確認できず"
"10-10","缶詰の日","記念日","仕事","1","1","1","0","2","1","2","0","0","-1","4","要検討","confirmed","業界団体","日本缶詰びん詰レトルト食品協会","https://www.jca-can.or.jp/useful/qa/1291","founder","","健康・環境・技術の話題；食品販促に該当"
"10-11","ウインクの日","記念日","ユニーク","0","1","1","1","1","0","0","0","0","0","1","要検討","not_found","不明","不明","","none","","休憩時の会話向き；一次情報を確認できず"
"10-14","鉄道の日","記念日","仕事","1","1","1","1","2","2","2","0","1","0","7","残す","confirmed","政府","鉄道事業者・関係団体・国（鉄道の日実行委員会）","https://www.mlit.go.jp/tetudo/tetudo_tk1_000004.html","gov","","健康・環境・技術の話題"
"10-16","世界食料デー","国際デー","ユニーク","1","1","1","1","1","2","1","0","0","0","4","残す","confirmed","国際機関","国連食糧農業機関（FAO）","https://www.fao.org/world-food-day/about/","intl","","休憩時の会話向き"
"10-17","沖縄そばの日","記念日","ユニーク","0","1","1","0","1","0","1","0","0","-1","1","要検討","not_found","不明","不明","","media","","休憩時の会話向き；一次情報を確認できず；食品販促に該当；地域食品の販促日"
"10-20","リサイクルの日","記念日","仕事","1","1","1","1","2","2","2","0","0","0","6","残す","date_only","公益・非営利団体","日本リサイクルネットワーク会議","https://www-cycle.nies.go.jp/magazine/mame/202012.html","gov","","健康・環境・技術の話題"
"10-21","あかりの日","記念日","仕事","1","1","1","1","3","1","1","0","0","-1","4","残す","confirmed","業界団体","日本照明工業会など照明関連団体","https://www.akarinohi.jp/","founder","","安全・設備・計量の実務に関係"
"10-22","アニメの日","記念日","ユニーク","0","1","1","1","1","0","2","0","0","0","3","要検討","not_found","不明","不明","","media","","休憩時の会話向き；一次情報を確認できず"
"10-23","化学の日","記念日","仕事","0","1","1","1","2","0","2","0","0","0","4","要検討","not_found","不明","不明","","founder","","健康・環境・技術の話題；一次情報を確認できず"
"10-24","文鳥の日","記念日","ユニーク","0","1","1","1","1","0","2","0","0","0","3","要検討","not_found","不明","不明","","kinenbi","","休憩時の会話向き；一次情報を確認できず"
"10-27","文字・活字文化の日","記念日","ユニーク","1","1","1","1","1","2","1","0","0","0","4","残す","confirmed","政府","国（文字・活字文化振興法）","https://www.mext.go.jp/a_menu/shotou/dokusho/meeting/08030612/005.htm","gov","","休憩時の会話向き"
"10-28","速記記念日","記念日","ユニーク","1","1","1","1","1","1","2","0","0","0","4","残す","confirmed","公益・非営利団体","日本速記協会","https://sokki.or.jp/manabu/history/","founder","","休憩時の会話向き"
"10-29","てぶくろの日","記念日","仕事","0","1","1","1","2","0","1","0","0","0","3","要検討","not_found","不明","不明","","none","","健康・環境・技術の話題；一次情報を確認できず"
"10-31","ガスの記念日","記念日","仕事","1","1","1","1","3","1","2","0","0","-1","5","残す","confirmed","業界団体","日本ガス協会","https://www.gas.or.jp/about/jga/kinenbi/","founder","","安全・設備・計量の実務に関係"
"11-01","古典の日","記念日","ユニーク","1","1","1","1","1","1","1","0","0","0","3","要検討","confirmed","公益・非営利団体","古典の日推進委員会（源氏物語千年紀委員会の宣言を継承）","https://www.hellokcb.or.jp/page.php?page=kotennohi","founder","","推進委員会公式ページに日付と関連法を掲載"
"11-02","習字の日","記念日","ユニーク","0","1","1","1","1","0","0","0","0","0","1","要検討","not_found","不明","不明","","none","","休憩時の会話向き；一次情報を確認できず"
"11-03","文具の日","記念日","ユニーク","0","1","1","1","1","0","0","0","0","0","1","要検討","not_found","不明","不明","","none","","休憩時の会話向き；一次情報を確認できず"
"11-04","ユネスコ憲章記念日","記念日","ユニーク","1","1","1","1","1","2","1","0","0","0","4","残す","confirmed","国際機関","国際連合教育科学文化機関（UNESCO）","https://www.unesco.org/en/articles/75-years-ago-unescos-constitution-adopted","intl","","休憩時の会話向き"
"11-06","アパート記念日","記念日","ユニーク","0","1","1","1","1","0","2","0","0","0","3","要検討","not_found","不明","不明","","pr","","休憩時の会話向き；一次情報を確認できず"
"11-08","世界都市計画の日","記念日","仕事","1","1","1","1","2","1","1","0","0","0","4","残す","confirmed","公益・非営利団体","Carlos María della Paolera教授（提唱者）／ISOCARP（普及）","https://isocarp.org/app/uploads/2017/11/2017-8-NOVEMBER-WORLD-TOWN-PLANNING-DAY-1.pdf","founder","","健康・環境・技術の話題"
"11-09","換気の日","記念日","仕事","0","1","1","1","2","0","1","0","0","0","3","要検討","not_found","不明","不明","","none","","健康・環境・技術の話題；一次情報を確認できず"
"11-10","エレベーターの日","記念日","仕事","1","1","1","1","3","1","2","0","1","-1","6","残す","confirmed","業界団体","日本エレベーター協会","https://www.n-elekyo.or.jp/1110/","founder","","安全・設備・計量の実務に関係"
"11-12","洋服記念日","記念日","ユニーク","0","1","1","1","1","0","0","0","0","0","1","要検討","not_found","不明","不明","","none","","休憩時の会話向き；一次情報を確認できず"
"11-13","あいさつの日","記念日","ユニーク","1","1","1","1","1","2","2","0","0","0","5","残す","confirmed","公益・非営利団体","一般社団法人日本あいさつ検定協会","https://www.city.kurume.fukuoka.jp/1500soshiki/9170kyousou/3010oshirase/2025-1007-1759-162.html","local_gov","","久留米市公式ページが日付と制定協会を明記"
"11-14","いい石の日","記念日","ユニーク","0","1","1","1","1","0","1","0","0","0","2","要検討","not_found","不明","不明","","none","","休憩時の会話向き；一次情報を確認できず"
"11-15","七五三","年中行事","季節","1","0","0","1","0","1","1","1","0","0","3","要検討","date_only","年中行事（制定者なし）","年中行事（七五三）","https://www.jinjahoncho.or.jp/omairi/shichigosan/","founder","神社本庁の説明では11月15日前後の慣習。3+5+7=15が日付由来という説は確認できず。","宗教行事のためG2不通過；年により日付が変動"
"11-16","幼稚園記念日","記念日","ユニーク","0","1","1","1","1","0","2","0","1","0","4","要検討","not_found","不明","不明","","media","","休憩時の会話向き；一次情報を確認できず"
"11-17","将棋の日","記念日","ユニーク","0","1","1","1","1","0","2","0","0","0","3","要検討","not_found","不明","不明","","media","","休憩時の会話向き；一次情報を確認できず"
"11-18","土木の日","記念日","仕事","0","1","1","1","3","0","2","0","0","0","5","要検討","not_found","不明","不明","","media","","安全・設備・計量の実務に関係；一次情報を確認できず"
"11-19","鉄道電化の日","記念日","仕事","0","1","1","1","2","0","1","0","0","0","3","要検討","not_found","不明","不明","","none","","健康・環境・技術の話題；一次情報を確認できず"
"11-20","先生の日","記念日","ユニーク","0","1","1","1","1","0","0","0","0","0","1","要検討","not_found","不明","不明","","none","","休憩時の会話向き；一次情報を確認できず"
"11-21","インターネット記念日","記念日","仕事","1","1","1","1","2","1","1","0","0","0","4","要検討","conflict","不明","UCLA・SRIのARPANET研究チーム","https://samueli.ucla.edu/internet50-press/","founder","最初のARPANETメッセージは1969年10月29日。11月21日は最初の恒久リンク確立日で、「通信網の実験が始まった日」ではない。","健康・環境・技術の話題；入力と一次情報に不一致"
"11-23","勤労感謝の日","年中行事","仕事","0","1","1","1","2","0","1","1","0","0","4","要検討","not_found","不明","不明","","media","","健康・環境・技術の話題；一次情報を確認できず"
"11-24","オペラ記念日","記念日","ユニーク","0","1","1","1","1","0","1","0","0","0","2","要検討","not_found","不明","不明","","none","","休憩時の会話向き；一次情報を確認できず"
"11-25","ハイビジョンの日","記念日","仕事","0","1","1","1","2","0","1","0","0","0","3","要検討","not_found","不明","不明","","none","","健康・環境・技術の話題；一次情報を確認できず"
"11-26","ペンの日","記念日","ユニーク","1","1","1","1","1","1","1","0","1","0","4","残す","confirmed","公益・非営利団体","日本ペンクラブ","https://japanpen.or.jp/about-list/shoushi/","founder","","休憩時の会話向き"
"11-27","ノーベル賞制定記念日","記念日","仕事","0","1","1","1","2","0","2","0","0","0","4","要検討","not_found","不明","不明","","media","","健康・環境・技術の話題；一次情報を確認できず"
"11-28","税関記念日","記念日","仕事","1","1","1","1","2","2","2","0","0","0","6","残す","confirmed","政府","大蔵省（税関制度）","https://www.customs.go.jp/tokyo/tuu/index.htm","gov","","健康・環境・技術の話題"
"12-01","映画の日","記念日","ユニーク","0","1","1","1","1","0","0","0","0","0","1","要検討","not_found","不明","不明","","none","","休憩時の会話向き；一次情報を確認できず"
"12-02","日本人宇宙飛行記念日","記念日","仕事","1","1","1","1","2","2","2","0","0","0","6","残す","confirmed","年中行事（制定者なし）","年中行事（日本人初の宇宙飛行記録）","https://humans-in-space.jaxa.jp/faq/detail/000441.html","gov","","健康・環境・技術の話題"
"12-03","カレンダーの日","記念日","仕事","0","1","1","1","2","0","0","0","0","0","2","要検討","not_found","不明","不明","","none","","健康・環境・技術の話題；一次情報を確認できず"
"12-04","E.T.の日","記念日","ユニーク","0","1","1","1","1","0","0","0","0","0","1","要検討","not_found","不明","不明","","none","","休憩時の会話向き；一次情報を確認できず"
"12-05","国際ボランティア・デー","国際デー","ユニーク","0","1","1","1","1","0","1","0","0","0","2","要検討","not_found","不明","不明","","intl","","休憩時の会話向き；一次情報を確認できず"
"12-06","音の日","記念日","仕事","0","1","1","1","2","0","2","0","0","0","4","要検討","not_found","不明","不明","","none","","健康・環境・技術の話題；一次情報を確認できず"
"12-07","国際民間航空デー","国際デー","仕事","1","1","1","1","2","2","1","0","0","0","5","残す","confirmed","国際機関","国連総会・国際民間航空機関（ICAO）","https://www.icao.int/international-civil-aviation-day-7-december","intl","","健康・環境・技術の話題"
"12-08","事納め","年中行事","季節","0","1","1","1","0","0","1","1","0","0","2","要検討","not_found","年中行事（制定者なし）","不明","","none","","業務との接点が薄い；一次情報を確認できず"
"12-09","マウスの誕生日","記念日","仕事","1","1","1","1","2","1","2","0","0","0","5","残す","confirmed","不明","Doug Engelbart（発表者）","https://www.dougengelbart.org/mousesite/1968Demo.html","founder","","健康・環境・技術の話題"
"12-10","世界人権デー","国際デー","ユニーク","1","1","1","1","1","2","1","0","0","0","4","残す","confirmed","国際機関","国連総会","https://www.unesco.org/en/days/human-rights","intl","","休憩時の会話向き"
"12-11","タンゴの日","記念日","ユニーク","0","1","1","1","1","0","0","0","0","0","1","要検討","not_found","不明","不明","","none","","休憩時の会話向き；一次情報を確認できず"
"12-12","中立の日","記念日","ユニーク","1","1","1","1","0","2","1","0","0","0","3","要検討","confirmed","国際機関","国連総会（2017年に国際デーを設定）","https://turkmenistan.un.org/en/403-declaration-international-day-neutrality","intl","","業務との接点が薄い"
"12-13","正月事始め","年中行事","季節","0","1","1","1","0","0","1","1","0","0","2","要検討","not_found","年中行事（制定者なし）","不明","","none","","業務との接点が薄い；一次情報を確認できず"
"12-14","南極の日","記念日","仕事","1","1","1","1","2","2","1","0","0","0","5","残す","confirmed","年中行事（制定者なし）","年中行事（南極点到達の記録）","https://nipr-blog.nipr.ac.jp/science-museum/cat-4/1214-c38c.html","gov","","健康・環境・技術の話題"
"12-15","観光バス記念日","記念日","ユニーク","0","1","1","1","1","0","2","0","0","0","3","要検討","not_found","不明","不明","","media","","休憩時の会話向き；一次情報を確認できず"
"12-16","紙の記念日","記念日","ユニーク","0","1","1","1","1","0","1","0","1","0","3","要検討","not_found","不明","不明","","none","","休憩時の会話向き；一次情報を確認できず"
"12-17","飛行機の日","記念日","仕事","0","1","1","1","2","0","0","0","0","0","2","要検討","not_found","不明","不明","","none","","健康・環境・技術の話題；一次情報を確認できず"
"12-18","東京駅の日","記念日","ユニーク","0","1","1","1","1","0","2","0","1","0","4","要検討","not_found","不明","不明","","none","","休憩時の会話向き；一次情報を確認できず"
"12-19","国際南南協力デー","国際デー","ユニーク","1","1","1","1","1","2","1","0","0","0","4","要検討","conflict","国際機関","国連総会","https://www.jica.go.jp/jica_ri/news/topics/2025/1573302_66480.html","gov","JICA公式情報では国連が9月12日と制定。入力の12月19日と不一致。","休憩時の会話向き；入力と一次情報に不一致"
"12-21","クロスワードの日","記念日","ユニーク","0","1","1","1","1","0","0","0","0","0","1","要検討","not_found","不明","不明","","none","","休憩時の会話向き；一次情報を確認できず"
"12-22","冬至","季節の行事","季節","1","1","0","1","0","2","1","1","0","0","4","要検討","date_only","年中行事（制定者なし）","年中行事（二十四節気・冬至）","https://eco.mtk.nao.ac.jp/koyomi/yoko/2026/rekiyou262.html","gov","","業務との接点が薄い；年により日付が変動"
"12-23","東京タワー完成の日","記念日","ユニーク","1","1","1","1","1","1","2","0","1","-3","2","要検討","confirmed","単一企業","株式会社TOKYO TOWER","https://gallery.tokyotower.co.jp/imperial_family.html","founder","","休憩時の会話向き"
"12-24","クリスマス・イヴ","年中行事","季節","0","0","1","1","0","0","0","1","0","0","1","要検討","not_found","年中行事（制定者なし）","不明","","none","","業務との接点が薄い；一次情報を確認できず；宗教題材に配慮"
"12-25","スケートの日","記念日","ユニーク","0","1","1","1","1","0","1","0","0","0","2","要検討","not_found","不明","不明","","none","","休憩時の会話向き；一次情報を確認できず"
"12-26","ボクシング・デー","年中行事","季節","1","1","1","1","0","2","2","1","0","0","5","残す","date_only","政府","英国政府","https://www.gov.uk/bank-holidays","gov","確認した一次資料は英国政府の祝日情報で、カナダの休日扱いは未確認。","業務との接点が薄い"
"12-27","ピーターパンの日","記念日","ユニーク","0","1","1","1","1","0","0","0","0","0","1","要検討","not_found","不明","不明","","none","","休憩時の会話向き；一次情報を確認できず"
"12-28","仕事納め","年中行事","季節","1","1","0","1","1","2","1","1","0","0","5","要検討","date_only","政府","人事院（官公庁の年末年始休業期間）","https://www.jinji.go.jp/shinsei/jyohokoukai_annai.html","gov","","休憩時の会話向き；年により日付が変動"
"12-29","清水トンネル貫通記念日","記念日","仕事","0","1","1","1","2","0","2","0","0","0","4","要検討","not_found","不明","不明","","none","","健康・環境・技術の話題；一次情報を確認できず"
"12-30","地下鉄記念日","記念日","仕事","1","1","1","1","2","1","2","0","1","-3","3","要検討","date_only","単一企業","東京地下鉄道株式会社（現・東京メトロ）","https://www.tokyometro.jp/corporate/profile/history/index.html","founder","","健康・環境・技術の話題"
"12-31","大晦日","年中行事","季節","1","1","1","1","0","2","1","1","0","0","4","残す","confirmed","年中行事（制定者なし）","年中行事（大晦日）","https://www.maff.go.jp/j/pr/aff/1712/characterinformation.html","gov","","業務との接点が薄い"
