date,title,status,primary_url,source_type,founder_type,founder,tokyo,summary_issue,note
01-01,元日,confirmed,https://www8.cao.go.jp/chosei/shukujitsu/gaiyou.html,law,政府,国（祝日法）,0,,
01-02,初夢の日,date_only,https://web-japan.org/kidsweb/ja/explore/calendar/january/hatsuyume.html,gov,年中行事（制定者なし）,年中行事（初夢の慣習）,0,,
01-03,ひとみの日,not_found,,none,不明,,0,,指定基準の一次情報を確認できず
01-04,仕事始め,date_only,https://www.pref.nagano.lg.jp/koho/kensei/koho/chijikaiken/2018/20181214.html,local_gov,自治体,長野県（県庁の仕事始め）,0,,1月4日が平日の年は官公庁の仕事始めとなる。休日に当たる場合は次の執務日。
01-05,囲碁の日,confirmed,https://www.nihonkiin.or.jp/news/etc/15.html,founder,公益・非営利団体,日本棋院・関西棋院・日本ペア碁協会,0,,
01-06,色の日,confirmed,https://www.kinenbi.gr.jp/mypage/1107,kinenbi,業界団体,一般社団法人ビジネスカラー検定協会,0,登録名称は「カラーの日」。入力の「色の日」は通称的な表記。,
01-07,人日の節句,confirmed,https://www.maff.go.jp/j/pr/aff/1712/characterinformation.html,gov,年中行事（制定者なし）,年中行事（人日の節句）,0,,
01-09,とんちの日,not_found,,none,不明,,0,,指定基準の一次情報を確認できず
01-11,鏡開き,confirmed,https://www.maff.go.jp/j/keikaku/syokubunka/culture/wagohan/articles/2301/spe13_01.html,gov,年中行事（制定者なし）,年中行事（鏡開き）,0,,
01-13,初虚空蔵,date_only,https://www.taraku.or.jp/news/info/1410/,founder,年中行事（制定者なし）,年中行事（寺院の初虚空蔵）,0,,
01-14,飾納・松納,date_only,https://www.fukushima-inari.com/nothing/186.html,founder,年中行事（制定者なし）,年中行事（福島稲荷神社の松納）,0,,日付は福島稲荷神社の例。地域・神社で異なる。
01-15,小正月,confirmed,https://www.maff.go.jp/j/pr/aff/1712/characterinformation.html,gov,年中行事（制定者なし）,年中行事（小正月）,0,,
01-16,藪入り,not_found,,none,年中行事（制定者なし）,,0,,指定基準の一次情報を確認できず
01-18,都バスの日,confirmed,https://www.kotsu.metro.tokyo.jp/about/ayumi/bus.html,local_gov,不明,制定主体未確認,1,都の交通局が記念日を制定したとの説明は一次資料で確認できず。,都営バスの運行開始日が1月18日であることは都の沿革で確認。
01-19,のど自慢の日,not_found,,none,不明,,0,,指定基準の一次情報を確認できず
01-20,シマエナガの日,date_only,https://shimaenaga.jp/archives/2937,founder,不明,写真家・やなぎさわごう（個人）,0,大寒は年によって1月20日または21日。毎年1月20日が大寒とは限らない。,
01-21,スイートピーの日,date_only,https://www.pref.miyazaki.lg.jp/documents/68253/68253_20220324095803-1.pdf,local_gov,業界団体,日本スイートピーの会,0,制定団体と日付は確認。花弁数など細かな語呂の由来は一次資料で確認できず。,
01-23,電子メールの日,not_found,,none,不明,,0,,指定基準の一次情報を確認できず
01-24,学校給食週間,confirmed,https://www.mext.go.jp/a_menu/sports/syokuiku/1299359.htm,gov,政府,文部省（現・文部科学省）,1,,
01-26,有料駐車場の日,not_found,,none,不明,,1,,指定基準の一次情報を確認できず
01-28,セレンディピティの日,not_found,,none,不明,,0,,指定基準の一次情報を確認できず
01-29,昭和基地開設記念日,confirmed,https://nipr-blog.nipr.ac.jp/science-museum/cat-4/129-5d1d.html,gov,年中行事（制定者なし）,年中行事（昭和基地開設の記念）,0,,
01-30,3分間電話の日,conflict,https://www.ntt-east.co.jp/databook/history-telecom.html,gov,政府,日本電信電話公社（公衆電話制度）,0,3分打ち切り制は1969年10月1日、時間制料金（3分単位）は1972年11月12日。1970年1月30日ではない。,
01-31,晦日正月,not_found,,none,年中行事（制定者なし）,,0,,指定基準の一次情報を確認できず
02-01,テレビ放送記念日,confirmed,https://www.archives.go.jp/ayumi/kobetsu/s28_1953_01.html,gov,政府,日本放送協会（東京でのテレビ放送開始）,1,,
02-04,立春,date_only,https://eco.mtk.nao.ac.jp/koyomi/yoko/2026/rekiyou262.html,gov,年中行事（制定者なし）,年中行事（二十四節気・立春）,0,,2026年の立春は2月4日。二十四節気の日付は年により変動。
02-05,笑顔の日,not_found,,none,不明,,0,,指定基準の一次情報を確認できず
02-08,にわとりの日,confirmed,https://www.3030.co.jp/trivia/no81/,founder,単一企業,トリゼンフーズ株式会社,0,,
02-09,服の日,date_only,https://www.fashion-edu.jp/about/,founder,業界団体,日本ファッション教育振興協会,0,制定年1988年を一次情報で確認できず。,
02-16,天気図記念日,confirmed,https://www.mlit.go.jp/page/kanbo01_hy_010716.html,gov,政府,気象庁（初の天気図作成）,1,,
02-17,天使のささやきの日,date_only,https://www.town.horokanai.hokkaido.jp/shiru/town_no1,local_gov,自治体,幌加内町（最低気温記録にちなむ）,0,,
02-20,旅券の日,confirmed,https://www.mofa.go.jp/mofaj/toko/passport/0220/,gov,政府,外務省（旅券制度の記録）,0,,
02-23,ふろしきの日,confirmed,https://www.fashion-kyoto.or.jp/kyo-furoshiki/,founder,業界団体,京都ふろしき会,0,,
02-24,クロスカントリーの日,not_found,,none,不明,,0,,指定基準の一次情報を確認できず
02-25,箱根用水完成の日,not_found,,none,不明,,0,,指定基準の一次情報を確認できず
03-02,出会いの日,not_found,,none,不明,,0,,指定基準の一次情報を確認できず
03-03,桃の節句,confirmed,https://www.maff.go.jp/j/keikaku/syokubunka/culture/wagohan/articles/2302/spe14_03.html,gov,年中行事（制定者なし）,年中行事（桃の節句）,0,,
03-06,世界一周記念日,confirmed,https://www.jal.com/ja-jp/about/jal_history/index_1961s.html,founder,単一企業,日本航空,1,,西回り便の営業開始日は3月6日、世界一周完了は3月7日。
03-07,サウナの日,date_only,https://www.sauna.or.jp/pdf_files/2025_SaunaDay.pdf,founder,業界団体,日本サウナ・スパ協会,0,,
03-08,ミモザの日,date_only,https://www.gender.go.jp/international/int_un_kaigi/int_iwd/,gov,年中行事（制定者なし）,年中行事（国際女性デーとミモザの慣習）,0,3月8日の国際女性デーは確認。ミモザを贈る慣習の由来は同資料で確認できず。,
03-10,サボテンの日,not_found,,none,不明,,0,,指定基準の一次情報を確認できず
03-11,パンダが知られた日,not_found,,none,不明,,0,,指定基準の一次情報を確認できず
03-14,数学の日,not_found,,none,不明,,0,,指定基準の一次情報を確認できず
03-15,靴の記念日,not_found,,none,不明,,1,,指定基準の一次情報を確認できず
03-16,国立公園指定記念日,not_found,,none,不明,,0,,指定基準の一次情報を確認できず
03-17,漫画週刊誌の日,not_found,,none,不明,,0,,指定基準の一次情報を確認できず
03-18,明治村開村記念日,not_found,,none,不明,,0,,指定基準の一次情報を確認できず
03-19,ミュージックの日,date_only,https://www.muj.or.jp/activity/12781,founder,業界団体,日本音楽家ユニオン,0,制定年1991年と「ミュージック」の語呂の由来を一次資料で確認できず。,
03-20,世界すずめの日,confirmed,https://www.natureforever.org/wildlife-conservation/world-sparrow-day/,founder,公益・非営利団体,Nature Forever Society,0,,
03-25,電気記念日,confirmed,https://www.denki.or.jp/about-event-origin/,founder,業界団体,日本電気協会,1,,
03-26,カチューシャの唄の日,confirmed,https://www.pref.kyoto.jp/rekisaikan/documents/9_2_3t2-15.pdf,local_gov,年中行事（制定者なし）,年中行事（東京帝国劇場での初演日）,1,,東京帝国劇場での初演日を確認。
03-27,さくらの日,not_found,,none,不明,,0,,指定基準の一次情報を確認できず
03-28,シルクロードの日,not_found,,none,不明,,0,,指定基準の一次情報を確認できず
03-29,マリモの日,confirmed,https://kunishitei.bunka.go.jp/bsys/maindetails/401/2,gov,政府,文化庁（特別天然記念物指定）,0,,
03-30,国立競技場落成記念日,date_only,https://vm.jaaf.or.jp/history/?id=1380,founder,年中行事（制定者なし）,年中行事（国立競技場の竣工・開場）,1,,
03-31,オーケストラの日,confirmed,https://www.orchestra.or.jp/orchestra-news/2023/,founder,公益・非営利団体,日本オーケストラ連盟,0,,
04-01,衣替え,not_found,,none,不明,,0,,指定基準の一次情報を確認できず
04-03,日本橋開通記念日,not_found,,none,不明,,1,,指定基準の一次情報を確認できず
04-05,デビューの日,not_found,,none,不明,,1,,指定基準の一次情報を確認できず
04-06,城の日,not_found,,none,不明,,0,,指定基準の一次情報を確認できず
04-08,出発の日,not_found,,none,不明,,0,,指定基準の一次情報を確認できず
04-12,世界宇宙飛行の日,not_found,,none,不明,,0,,指定基準の一次情報を確認できず
04-13,喫茶店の日,not_found,,none,不明,,0,,指定基準の一次情報を確認できず
04-14,椅子の日,not_found,,none,不明,,0,,指定基準の一次情報を確認できず
04-16,チャップリンデー,not_found,,none,不明,,0,,指定基準の一次情報を確認できず
04-18,発明の日,not_found,,none,不明,,0,,指定基準の一次情報を確認できず
04-19,地図の日,date_only,https://www.gsi.go.jp/common/000236440.pdf,gov,不明,伊能忠敬（測量出発）,1,一次資料では寛政12年閏4月19日＝西暦1800年6月11日。旧暦の日付と現在の4月19日を区別する説明が必要。,
04-20,郵政記念日,confirmed,https://www.japanpost.jp/group/about/milestone/150th/stamp/,founder,政府,明治政府（郵便制度開始）,0,,
04-21,民放の日,confirmed,https://asahi.co.jp/info/minpo/,founder,業界団体,日本民間放送連盟,0,,
04-24,植物学の日,not_found,,none,不明,,0,,指定基準の一次情報を確認できず
04-25,世界ペンギンの日,conflict,https://www.umweltbundesamt.de/en/press/pressinformation/25-april-is-world-penguin-day,gov,年中行事（制定者なし）,年中行事（世界ペンギンの日）,0,一次資料の説明は、繁殖地に戻るため海上から戻るアデリーペンギン。入力文の「繁殖を終え海へ向かう」と移動方向が逆。,
04-26,よい風呂の日,not_found,,none,不明,,0,,指定基準の一次情報を確認できず
04-29,国際ダンスデー,confirmed,https://www.iti-germany.de/en/iti-worldwide/world-dance-day/,intl,公益・非営利団体,国際演劇協会（ITI）ダンス委員会,0,,
04-30,図書館記念日,confirmed,https://hourei.ndl.go.jp/simple/detail?current=4&lawId=0000042474,law,不明,制定主体未確認,0,,4月30日の図書館法公布日を確認。記念日自体の制定主体は未確認。
05-03,博多どんたく,confirmed,https://www.city.fukuoka.lg.jp/shicho/koho/shisei/shisei/r07000501.html,local_gov,年中行事（制定者なし）,年中行事（博多どんたく）,0,,
05-05,こどもの日,confirmed,https://www8.cao.go.jp/chosei/shukujitsu/gaiyou.html,law,政府,国（祝日法）,0,,
05-07,博士の日,not_found,,none,不明,,1,,指定基準の一次情報を確認できず
05-10,愛鳥週間,not_found,,none,不明,,0,,指定基準の一次情報を確認できず
05-18,国際博物館の日,confirmed,https://www.unesco.org/en/articles/celebrating-museums-around-world,intl,公益・非営利団体,国際博物館会議（ICOM）,0,,
05-19,セメントの日,not_found,,none,不明,,0,,指定基準の一次情報を確認できず
05-23,世界カメの日,confirmed,https://worldturtleday.org/about/,founder,公益・非営利団体,American Tortoise Rescue,0,,American Tortoise Rescueが2000年に開始したと公式ページに記載。
05-25,タップダンスの日,not_found,,none,不明,,0,,指定基準の一次情報を確認できず
05-26,東名高速道路全通記念日,confirmed,https://www.mlit.go.jp/page/kanbo01_hy_010885.html,gov,政府,日本道路公団（東名高速道路全通）,0,,
05-27,百人一首の日,not_found,,none,不明,,0,,指定基準の一次情報を確認できず
06-02,路地の日,not_found,,none,不明,,0,,指定基準の一次情報を確認できず
06-07,母親大会記念日,not_found,,none,不明,,1,,指定基準の一次情報を確認できず
06-10,時の記念日,conflict,https://eco.mtk.nao.ac.jp/koyomi/wiki/BBFEB9EF2FBBFEA4CEB5ADC7B0C6FC.html,gov,公益・非営利団体,生活改善同盟会,0,1920年に日付を定めたのは生活改善同盟会。天文台が制定したという説明は誤り。,
06-11,学校図書館の日,confirmed,https://www.j-sla.or.jp/material/611.html,founder,公益・非営利団体,全国学校図書館協議会,0,,
06-14,世界献血者デー,confirmed,https://www.who.int/westernpacific/newsroom/events/world-blood-donor-day,intl,国際機関,世界保健機関・世界保健総会,0,,
06-20,ペパーミントの日,not_found,,none,不明,,0,,指定基準の一次情報を確認できず
06-21,夏至,date_only,https://eco.mtk.nao.ac.jp/koyomi/yoko/2026/rekiyou262.html,gov,年中行事（制定者なし）,年中行事（二十四節気・夏至）,0,,2026年は6月21日。夏至の日付は年により変動。
06-22,ボウリングの日,not_found,,none,不明,,0,,指定基準の一次情報を確認できず
06-23,オリンピックデー,not_found,,none,不明,,0,,指定基準の一次情報を確認できず
06-24,ドレミの日,not_found,,none,不明,,0,,指定基準の一次情報を確認できず
06-29,星の王子さまの日,not_found,,none,不明,,0,,指定基準の一次情報を確認できず
07-05,江戸切子の日,date_only,https://www.edokiriko.or.jp/info/2018/07/05/6185/,founder,業界団体,東京都江戸切子協同組合,1,,
07-11,真珠記念日,not_found,,none,不明,,0,,指定基準の一次情報を確認できず
07-20,月面着陸の日,confirmed,https://www.nasa.gov/mission/apollo-11/,gov,政府,NASA（アポロ11号の月面着陸）,0,,NASA資料は月面着陸日を米国時間の7月20日としている。
07-23,文月ふみの日,confirmed,https://www.japanpost.jp/group/about/milestone/150th/stamp/,gov,政府,郵政省,0,,
07-24,国際セルフケアデー,not_found,,none,不明,,0,,指定基準の一次情報を確認できず
08-06,太陽熱発電の日,not_found,,none,不明,,0,,指定基準の一次情報を確認できず
08-07,花文化の日,not_found,,none,不明,,0,,指定基準の一次情報を確認できず
08-13,函館夜景の日,not_found,,none,不明,,0,,指定基準の一次情報を確認できず
08-17,プロ野球ナイター記念日,not_found,,none,不明,,0,,指定基準の一次情報を確認できず
08-21,噴水の日,not_found,,none,不明,,0,,指定基準の一次情報を確認できず
08-25,川柳発祥の日,not_found,,none,不明,,0,,指定基準の一次情報を確認できず
08-26,ユースホステルの日,not_found,,none,不明,,0,,指定基準の一次情報を確認できず
08-29,ケーブルカーの日,not_found,,none,不明,,0,,指定基準の一次情報を確認できず
08-30,冒険家の日,not_found,,none,不明,,0,,指定基準の一次情報を確認できず
09-03,ベッドの日,date_only,https://www.zennihon-bed.jp/news/bed-day/,founder,業界団体,全日本ベッド工業会,0,「ぐっすり」の語呂は業界団体の公式ページでは確認できず。,公式ページは9月3日と全日本ベッド工業会による選定を確認。
09-05,国民栄誉賞の日,not_found,,none,不明,,1,,指定基準の一次情報を確認できず
09-06,黒の日,not_found,,none,不明,,0,,指定基準の一次情報を確認できず
09-07,CMソングの日,not_found,,none,不明,,0,,指定基準の一次情報を確認できず
09-09,重陽の節句,confirmed,https://www.maff.go.jp/j/pr/aff/1712/characterinformation.html,gov,年中行事（制定者なし）,年中行事（重陽の節句）,0,,
09-13,世界の法の日,conflict,https://worldjurist.org/wp-content/uploads/2020/07/CONGRESO-GENEVA-1967.pdf,founder,公益・非営利団体,World Peace Through Law Center（現・World Jurist Association）,0,9月13日は1965年の世界法平和会議の開幕日。大会宣言の採択日（9月18日）と混同している。,
09-17,モノレールの日,confirmed,https://www.tokyo-monorail.co.jp/news/campaign/60th_anniversary/,founder,単一企業,東京モノレール株式会社,1,,
09-20,お手玉の日,not_found,,none,不明,,0,,指定基準の一次情報を確認できず
09-23,テニスの日,confirmed,https://jta-tennis.or.jp/about_jta/history/tennis_museum/historical_stories/photographs/story9.html,founder,公益・非営利団体,日本テニス協会などテニス関連団体,0,,
09-25,骨董の日,not_found,,none,不明,,0,,指定基準の一次情報を確認できず
09-26,ヨーロッパ言語の日,confirmed,https://www.coe.int/en/web/language-policy/european-day-of-languages,intl,国際機関,欧州評議会（欧州連合と共同）,0,,
09-28,パソコン記念日,not_found,,none,不明,,0,,指定基準の一次情報を確認できず
10-04,都市景観の日,not_found,,none,不明,,0,,指定基準の一次情報を確認できず
10-05,レジ袋ゼロデー,not_found,,none,不明,,0,,指定基準の一次情報を確認できず
10-06,役所改革の日,confirmed,https://www.city.matsudo.chiba.jp/kurashi/suguyaru/suguyaru_tanjou.html,local_gov,自治体,松戸市（松本清市長の発案）,0,,
10-08,足袋の日,not_found,,none,不明,,0,,指定基準の一次情報を確認できず
10-09,道具の日,not_found,,none,不明,,1,,指定基準の一次情報を確認できず
10-10,缶詰の日,confirmed,https://www.jca-can.or.jp/useful/qa/1291,founder,業界団体,日本缶詰びん詰レトルト食品協会,0,,
10-11,ウインクの日,not_found,,none,不明,,0,,指定基準の一次情報を確認できず
10-14,鉄道の日,confirmed,https://www.mlit.go.jp/tetudo/tetudo_tk1_000004.html,gov,政府,鉄道事業者・関係団体・国（鉄道の日実行委員会）,1,,
10-21,あかりの日,confirmed,https://www.akarinohi.jp/,founder,業界団体,日本照明工業会など照明関連団体,0,,
10-27,文字・活字文化の日,confirmed,https://www.mext.go.jp/a_menu/shotou/dokusho/meeting/08030612/005.htm,gov,政府,国（文字・活字文化振興法）,0,,
10-28,速記記念日,confirmed,https://sokki.or.jp/manabu/history/,founder,公益・非営利団体,日本速記協会,0,,協会の公式史は1882年10月28日の講習会と、同協会による記念日の設定を記載。
10-29,てぶくろの日,not_found,,none,不明,,0,,指定基準の一次情報を確認できず
10-31,ガスの記念日,confirmed,https://www.gas.or.jp/about/jga/kinenbi/,founder,業界団体,日本ガス協会,0,,
11-02,習字の日,not_found,,none,不明,,0,,指定基準の一次情報を確認できず
11-03,文具の日,not_found,,none,不明,,0,,指定基準の一次情報を確認できず
11-04,ユネスコ憲章記念日,confirmed,https://www.unesco.org/en/articles/75-years-ago-unescos-constitution-adopted,intl,国際機関,国際連合教育科学文化機関（UNESCO）,0,,
11-08,世界都市計画の日,confirmed,https://isocarp.org/app/uploads/2017/11/2017-8-NOVEMBER-WORLD-TOWN-PLANNING-DAY-1.pdf,founder,公益・非営利団体,Carlos María della Paolera教授（提唱者）／ISOCARP（普及）,0,,
11-09,換気の日,not_found,,none,不明,,0,,指定基準の一次情報を確認できず
11-10,エレベーターの日,confirmed,https://www.n-elekyo.or.jp/1110/,founder,業界団体,日本エレベーター協会,1,,
11-12,洋服記念日,not_found,,none,不明,,0,,指定基準の一次情報を確認できず
11-14,いい石の日,not_found,,none,不明,,0,,指定基準の一次情報を確認できず
11-15,七五三,date_only,https://www.jinjahoncho.or.jp/omairi/shichigosan/,founder,年中行事（制定者なし）,年中行事（七五三）,0,神社本庁の説明では11月15日前後の慣習。3+5+7=15が日付由来という説は確認できず。,
11-19,鉄道電化の日,not_found,,none,不明,,0,,指定基準の一次情報を確認できず
11-20,先生の日,not_found,,none,不明,,0,,指定基準の一次情報を確認できず
11-21,インターネット記念日,conflict,https://samueli.ucla.edu/internet50-press/,founder,不明,UCLA・SRIのARPANET研究チーム,0,最初のARPANETメッセージは1969年10月29日。11月21日は最初の恒久リンク確立日で、「通信網の実験が始まった日」ではない。,
11-24,オペラ記念日,not_found,,none,不明,,0,,指定基準の一次情報を確認できず
11-25,ハイビジョンの日,not_found,,none,不明,,0,,指定基準の一次情報を確認できず
11-26,ペンの日,confirmed,https://japanpen.or.jp/about-list/shoushi/,founder,公益・非営利団体,日本ペンクラブ,1,,日本ペンクラブ公式史は創立記念日11月26日を1966年に「ペンの日」と制定したと記載。
12-01,映画の日,not_found,,none,不明,,0,,指定基準の一次情報を確認できず
12-02,日本人宇宙飛行記念日,confirmed,https://humans-in-space.jaxa.jp/faq/detail/000441.html,gov,年中行事（制定者なし）,年中行事（日本人初の宇宙飛行記録）,0,,JAXAは秋山豊寛氏の打ち上げ日を1990年12月2日と記載。
12-03,カレンダーの日,not_found,,none,不明,,0,,指定基準の一次情報を確認できず
12-04,E.T.の日,not_found,,none,不明,,0,,指定基準の一次情報を確認できず
12-06,音の日,not_found,,none,不明,,0,,指定基準の一次情報を確認できず
12-08,事納め,not_found,,none,年中行事（制定者なし）,,0,,指定基準の一次情報を確認できず
12-09,マウスの誕生日,confirmed,https://www.dougengelbart.org/mousesite/1968Demo.html,founder,不明,Doug Engelbart（発表者）,0,,1968年12月9日の公開実演を確認。記念日の制定者は未確認。
12-11,タンゴの日,not_found,,none,不明,,0,,指定基準の一次情報を確認できず
12-12,中立の日,confirmed,https://turkmenistan.un.org/en/403-declaration-international-day-neutrality,intl,国際機関,国連総会（2017年に国際デーを設定）,0,,国連は1995年の中立承認日を12月12日とし、国際デーは2017年の決議で設定。
12-13,正月事始め,not_found,,none,年中行事（制定者なし）,,0,,指定基準の一次情報を確認できず
12-14,南極の日,confirmed,https://nipr-blog.nipr.ac.jp/science-museum/cat-4/1214-c38c.html,gov,年中行事（制定者なし）,年中行事（南極点到達の記録）,0,,南極点到達の記録日を確認。
12-16,紙の記念日,not_found,,none,不明,,1,,指定基準の一次情報を確認できず
12-17,飛行機の日,not_found,,none,不明,,0,,指定基準の一次情報を確認できず
12-18,東京駅の日,not_found,,none,不明,,1,,指定基準の一次情報を確認できず
12-21,クロスワードの日,not_found,,none,不明,,0,,指定基準の一次情報を確認できず
12-22,冬至,date_only,https://eco.mtk.nao.ac.jp/koyomi/yoko/2026/rekiyou262.html,gov,年中行事（制定者なし）,年中行事（二十四節気・冬至）,0,,2026年は12月22日。冬至の日付は年により変動。
12-23,東京タワー完成の日,confirmed,https://gallery.tokyotower.co.jp/imperial_family.html,founder,単一企業,株式会社TOKYO TOWER,1,,東京タワー公式資料は1958年12月23日完成と記載。
12-24,クリスマス・イヴ,not_found,,none,年中行事（制定者なし）,,0,,指定基準の一次情報を確認できず
12-25,スケートの日,not_found,,none,不明,,0,,指定基準の一次情報を確認できず
12-26,ボクシング・デー,date_only,https://www.gov.uk/bank-holidays,gov,政府,英国政府,0,確認した一次資料は英国政府の祝日情報で、カナダの休日扱いは未確認。,英国では週末に重なる場合の振替日あり。
12-27,ピーターパンの日,not_found,,none,不明,,0,,指定基準の一次情報を確認できず
12-28,仕事納め,date_only,https://www.jinji.go.jp/shinsei/jyohokoukai_annai.html,gov,政府,人事院（官公庁の年末年始休業期間）,0,,人事院資料は官公庁の年末年始休業を12月29日から1月3日とする。最終執務日は暦で変わる。
12-29,清水トンネル貫通記念日,not_found,,none,不明,,0,,指定基準の一次情報を確認できず
12-30,地下鉄記念日,date_only,https://www.tokyometro.jp/corporate/profile/history/index.html,founder,単一企業,東京地下鉄道株式会社（現・東京メトロ）,1,,
12-31,大晦日,confirmed,https://www.maff.go.jp/j/pr/aff/1712/characterinformation.html,gov,年中行事（制定者なし）,年中行事（大晦日）,0,,
